SurveyID,Passcode,Progress,Duration (in seconds),Finished,RecordedDate,Q1_CoySH,Q2_CatSH,Q3_1_CoyNE,Q3_2_CoyBE,Q3_3_CoyWat,Q3_4_CoyFS,Q3_5_CoyFed,Q3_6_CoyPA,Q3_7_CoyOther,Q4_1_CatNE,Q4_2_CatBE,Q4_3_CatWat,Q4_4_CatFS,Q4_5_CatFed,Q4_6_CatTouch,Q4_7_CatPA,Q4_8_CatOther,Q5_1_MyCat,Q5_2_NeighCat,Q5_3_Stray,Q5_4_Unsure,Q6_1_CoyTh,Q6_2_CoyIH,Q6_3_CoyIE,Q6_4_CoyThCat,Q6_5_CoyEF,Q6_6_CoyFM,Q6_7_CoyBeau,Q6_8_CoyKO,Q7_1_CatThB,Q7_2_CatRod,Q7_3_CatIH,Q7_4_CatWO,Q7_5_CatFM,Q7_6_CatBeau,Q7_7_CatKO,Q8_1_GenN,Q8_2_GenGS,Q8_3_GenECoy,Q8_4_GenECat,Q8_5_GenVeg,Q8_6_GenYard,Q8_7_GenUY,Q9_1_CatOut,Q9_2_TreeVeg,Q9_3_Exter,Q9_4_Trap,Q9_5_Lights,Q9_6_PetFood,Q9_7_DogOff,Q9_8_LockTrash,Q9_9_Prune,Q9_10_PestHerb,Q9_11_CreateHab,Q9_12_Other,Q10_1_Bbath,Q10_2_Bfeed,Q10_3_Fence,Q10_4_Flower,Q10_5_Fruit,Q10_6_Water,Q10_7_Veg,Q10_8_Wind,Q10_9_Woodpile,Q10_10_Other,Q11_1_Grass,Q11_2_Hardscape,Q11_3_Veg,Q11_4_Mulch,Q11_5_Shrub,Q11_6_Tree,Q11_7_Other,Q12_1_WLove,Q12_2_WProtect,Q12_3_WUse,Q12_4_WControl,Q12_5_WEmbrace,Q12_6_WExplore,Q12_7_WStudy,Q12_8_WAvoid,Q12_9_WCare,Q12_10_WIgnore,Q12_11_WUnderst,Q12_12_WAdmire,Q12_13_WRespect,Q13_Age,Q14_1_Female,Q14_2_Male,Q14_3_Non,Q14_4_NA,Q15_Place
1,10435,100,1009,1,8/25/24 9:41,2,104,1,0,0,0,0,0,0,0,0,1,0,0,0,0,0,0,1,0,0,-1,1,2,0,-1,-1,0,-1,1,0,1,-1,-1,0,1,1,1,0,-1,1,1,2,0,1,0,0,0,0,0,0,1,1,0,0,0,1,1,1,1,1,1,1,1,0,60,0,20,0,10,10,0,2,2,1,2,1,2,2,-1,1,-1,2,2,2,5,0,1,0,0,16
2,09602,100,354,1,8/25/24 9:41,26,104,0,1,1,0,0,0,0,0,1,1,0,0,0,0,0,0,1,0,0,-1,1,2,1,-1,-1,2,-1,0,2,2,-1,-1,2,-1,2,2,0,1,2,-1,-1,0,1,0,0,0,0,0,0,1,0,0,0,1,1,1,1,0,0,0,1,1,0,25,25,0,20,20,10,0,2,2,-1,-1,2,2,2,-1,2,0,2,2,2,1,0,1,0,0,15
3,09608,100,396,1,8/25/24 9:41,26,12,0,1,0,0,0,0,0,0,1,0,0,0,0,0,0,0,1,0,0,0,0,1,2,0,0,1,2,0,0,0,0,-1,0,-1,0,1,0,-1,1,0,2,0,1,1,0,0,0,0,1,1,1,0,0,0,0,1,1,1,0,0,0,0,0,70,5,0,10,5,10,0,1,1,1,1,1,1,1,0,1,0,1,1,1,5,0,1,0,0,15
4,09612,100,552,1,8/25/24 9:41,12,104,1,0,0,0,0,0,0,0,1,1,0,0,1,0,0,1,1,1,0,0,0,0,2,-1,0,1,1,0,1,2,-1,-1,2,-1,2,2,-1,2,2,2,2,1,1,0,0,0,0,0,0,1,0,1,0,1,0,1,1,0,1,1,1,0,0,20,10,20,20,10,20,0,2,2,2,2,2,2,-1,-1,2,-1,2,2,2,5,1,0,0,0,15
5,09613,100,460,1,8/25/24 9:41,12,104,0,1,0,0,0,0,0,0,1,0,0,0,0,0,0,0,1,0,0,-1,0,2,2,-1,-1,1,1,-1,0,0,0,-1,2,-1,2,2,1,1,2,1,2,0,1,1,1,0,0,0,0,1,1,1,0,0,1,1,1,0,1,0,0,0,0,35,20,0,70,20,6,0,2,2,-1,1,2,2,2,1,2,2,2,2,2,4,0,1,0,0,10
6,09618,100,494,1,8/25/24 9:41,1,104,0,1,0,0,0,0,0,0,1,1,0,0,0,0,0,0,1,0,0,-1,1,1,1,-1,-1,1,0,1,1,2,-1,-1,2,-1,2,2,-1,1,2,1,2,1,0,0,0,0,0,0,0,1,1,1,0,0,0,1,1,0,0,0,1,0,0,60,0,0,0,20,20,0,1,1,1,1,2,2,2,-1,1,-1,2,2,2,5,0,1,0,0,13
7,09603,100,243,1,8/27/24 10:35,2,6,0,0,1,0,0,0,0,0,0,1,0,0,0,0,0,0,1,0,0,0,0,0,1,-1,0,0,1,-1,1,0,-1,-1,0,-1,0,0,-1,0,-1,1,1,0,1,0,1,1,0,0,0,1,0,0,0,1,1,1,1,1,1,1,1,1,0,25,20,5,5,20,20,5,1,1,1,0,0,1,0,-1,1,-1,1,1,1,5,0,1,0,0,13
8,01888,100,300,1,8/28/24 12:58,26,6,0,1,1,0,0,0,0,0,1,1,0,0,0,0,0,0,0,0,1,-1,1,2,1,-1,-1,2,1,1,1,0,1,-1,-1,1,1,1,1,-1,1,1,1,0,1,0,0,1,0,0,0,1,1,0,0,0,0,1,1,1,0,0,0,1,0,40,10,10,10,10,20,0,1,1,1,1,1,1,1,-1,1,-1,1,1,1,2,1,0,0,0,5
9,00010,100,290,1,8/28/24 15:06,104,104,0,1,0,0,0,0,0,0,0,1,0,0,0,0,0,0,1,1,0,-99,-99,-99,-99,-99,-99,-99,-99,-99,-99,-99,-99,-99,-99,-99,-99,-99,-99,-99,-99,-99,-99,0,1,0,0,1,0,0,0,1,0,1,0,0,1,1,1,0,0,1,1,0,0,25,25,10,15,15,10,0,2,2,-1,0,1,2,1,1,1,0,1,1,1,3,1,0,0,0,1
10,Openme!,100,415,1,8/29/24 15:59,104,2,0,0,1,0,0,0,0,0,1,0,0,0,0,0,0,0,1,0,0,-1,0,-1,2,1,-1,-1,-1,-1,0,0,0,-1,0,-1,1,1,0,-1,2,1,1,0,1,0,0,1,0,0,0,1,0,0,0,1,1,1,1,0,0,0,0,0,0,30,30,0,20,15,5,0,2,2,-1,0,1,2,2,0,1,-1,2,2,2,3,1,0,0,0,5
11,03505,100,811,1,8/30/24 19:34,2,26,0,1,0,0,0,0,0,0,1,0,0,0,0,0,0,-99,-99,-99,-99,0,1,2,2,-1,0,2,0,2,0,0,2,-1,0,2,2,2,2,-1,2,2,1,1,0,0,0,0,0,0,1,1,1,1,1,1,1,0,1,0,0,0,0,1,1,0,10,0,0,30,60,0,2,2,-1,0,1,1,2,-1,0,0,2,2,2,4,1,0,0,0,7
13,01868,100,665,1,9/3/24 10:43,104,6,0,1,0,0,0,0,0,0,1,0,0,0,0,0,0,0,1,0,0,-1,-1,1,2,-1,0,0,1,-1,2,1,-1,-1,0,-1,1,1,-1,1,2,1,1,0,1,0,0,0,0,0,0,1,0,0,0,0,1,1,0,0,0,0,1,1,0,20,20,0,0,20,40,0,2,2,0,1,2,2,2,-1,1,-1,2,2,2,3,0,1,0,0,5
14,01889,100,5629,1,9/3/24 18:42,52,104,0,0,0,0,0,0,1,0,1,0,0,0,0,0,1,0,1,0,0,-1,0,0,2,0,1,1,1,2,0,-1,2,-1,0,1,1,1,-1,-1,2,2,2,0,0,0,0,0,0,0,0,1,0,1,1,1,1,1,1,1,0,0,0,1,0,15,50,0,11,12,12,0,2,1,-1,-1,0,1,1,-1,1,0,1,1,2,5,1,0,0,0,5
15,03498,100,750,1,9/3/24 18:42,26,104,0,1,1,0,0,0,0,0,1,0,0,0,0,0,0,0,1,0,0,-1,1,2,1,-1,-1,2,-1,2,-1,-1,-1,2,-1,2,2,2,2,-1,2,2,2,0,0,0,0,1,0,0,0,1,0,1,0,1,1,1,1,1,1,1,1,1,0,10,15,20,25,20,10,0,2,2,-1,-1,2,1,2,0,2,-1,2,2,2,5,0,1,0,0,7
16,01896,100,605,1,9/3/24 18:42,12,26,0,0,1,0,0,0,0,0,1,0,0,0,1,0,0,0,1,0,0,-1,1,1,1,-1,-1,1,0,1,0,1,-1,-1,1,0,1,1,2,1,1,1,0,0,1,0,0,1,0,0,0,1,1,0,0,1,1,1,1,1,0,1,1,0,0,10,25,5,0,50,10,0,1,1,1,0,1,1,1,0,1,-1,1,1,1,5,0,1,0,0,5
17,00018,100,491,1,9/3/24 18:42,6,12,0,1,0,0,0,0,0,0,1,1,0,0,0,0,0,0,1,1,0,0,0,1,0,-1,-1,1,0,-1,0,2,-1,-1,2,-1,2,1,0,2,1,0,1,0,1,0,0,1,0,1,0,1,0,1,0,0,0,1,1,0,0,0,0,0,1,0,5,0,70,20,5,0,2,2,0,0,2,2,1,0,2,0,1,2,2,1,1,0,1,0,1
18,01885,100,445,1,9/3/24 18:42,104,12,0,0,1,0,0,0,1,0,0,1,0,0,0,0,0,0,1,0,0,-1,1,1,2,1,-1,2,-1,2,2,0,1,-1,0,-1,2,2,1,0,2,2,1,0,1,0,0,0,0,1,0,1,0,0,0,1,1,0,1,0,0,1,0,1,0,0,15,15,10,10,50,0,2,2,-1,0,1,1,2,-1,0,-1,1,2,2,4,1,0,0,0,5
19,01865,100,563,1,9/3/24 23:12,104,52,0,0,1,0,0,0,0,0,0,0,0,0,0,0,1,0,1,0,0,-1,0,0,0,0,-1,1,-1,0,1,0,0,-1,0,0,0,2,-1,-1,0,-1,0,0,1,0,0,1,0,0,0,1,0,0,0,-99,-99,-99,-99,-99,-99,-99,-99,-99,-99,20,15,0,15,15,20,15,1,1,-1,1,1,2,2,-1,-1,-1,2,1,1,3,0,1,0,0,5
20,01905,100,956,1,9/29/24 23:27,52,0,0,1,1,0,0,0,0,1,0,0,0,0,0,0,0,0,1,0,0,1,-1,-1,1,1,-1,-1,-99,1,0,1,-1,-1,0,-1,1,1,0,0,0,-1,-1,0,0,1,0,0,1,0,0,1,0,0,0,0,0,1,1,0,0,1,1,1,0,50,0,15,25,0,15,0,1,1,0,-1,0,1,-1,-1,-1,1,0,1,-99,5,1,0,0,0,5
21,01918,100,1054,1,10/1/24 11:49,104,0.5,0,0,1,0,0,0,0,0,1,0,0,0,0,0,0,0,0,0,1,-1,2,2,1,-1,-1,2,-1,2,0,0,0,-1,1,-1,2,2,2,-1,2,2,0,0,1,1,0,0,0,0,0,1,0,0,0,0,1,0,0,1,0,0,0,0,0,20,10,0,0,10,40,20,2,2,0,0,2,1,2,-1,2,0,2,1,2,3,1,0,0,0,5
22,09609,100,415,1,10/1/24 17:33,26,104,0,1,1,0,0,0,0,0,1,0,1,0,1,0,0,0,1,1,0,-1,1,1,0,-1,-1,1,0,2,-1,-1,2,0,-1,2,1,1,1,-1,2,2,2,0,1,0,1,0,0,0,0,1,0,1,0,1,1,1,1,1,0,1,0,1,0,50,5,15,2.5,7.5,20,0,2,2,1,0,1,1,2,-1,1,-1,1,1,2,2,0,1,0,0,15
23,09614,100,384,1,10/1/24 17:33,0,52,1,0,0,0,0,0,0,0,1,0,0,0,0,0,0,0,0,0,1,-1,1,2,0,-1,-1,2,-1,1,1,-1,-1,-1,2,0,1,1,0,0,1,0,-1,1,1,0,0,1,0,0,0,1,1,1,0,1,0,1,1,0,0,0,1,0,0,0,85,0,1,12,2,0,2,2,-1,0,2,2,2,0,2,0,2,2,2,5,1,0,0,0,15
24,10429,100,712,1,10/1/24 17:33,26,104,0,0,1,0,0,0,0,0,1,0,0,0,0,0,0,0,1,0,0,0,1,1,2,-1,0,1,0,0,1,0,-1,-1,2,-1,0,0,-1,0,2,1,2,0,0,0,0,0,0,0,0,1,1,0,0,0,0,1,1,0,0,1,0,0,0,33,33,2,10,19,3,0,1,2,-1,0,1,2,2,0,2,0,2,2,2,5,1,0,0,0,16
25,00483,100,575,1,10/1/24 17:33,26,104,0,1,1,0,0,0,0,0,1,1,0,0,0,0,0,1,1,0,0,-1,1,1,1,-1,-1,1,-1,-1,1,1,-1,-1,1,-1,1,1,1,1,1,-1,0,1,1,0,0,1,0,0,0,1,0,0,0,0,1,1,1,1,0,0,0,0,0,40,20,0,10,20,10,0,1,1,1,-1,1,1,1,-1,1,-1,1,1,1,4,1,0,0,0,2
26,09610,100,340,1,10/1/24 17:33,0,12,1,0,0,0,0,0,0,0,1,0,0,0,0,0,0,0,1,0,0,-1,0,1,2,-1,-1,0,-1,2,0,-1,2,-1,0,-1,1,2,0,0,2,2,2,0,1,0,0,0,0,0,0,1,1,0,0,0,0,1,1,1,0,0,1,0,0,30,15,0,0,20,35,0,0,2,-1,1,1,2,2,0,-1,-1,2,0,2,5,0,1,0,0,13
27,03491,100,454,1,10/1/24 17:33,6,104,0,0,1,0,0,0,0,0,0,1,0,0,1,0,0,0,1,0,0,-1,0,2,1,-1,-1,-1,0,2,-1,2,2,-1,0,1,2,2,0,0,2,1,2,0,0,0,0,1,0,0,0,1,0,1,0,1,1,1,1,0,0,1,0,0,0,10,10,5,20,45,10,0,2,2,-1,-1,1,2,2,0,2,-1,2,2,2,5,1,0,0,0,7
28,00490,100,209,1,10/1/24 17:34,0,104,0,1,0,0,0,0,0,0,0,1,0,0,0,0,0,0,1,0,0,-1,1,2,1,-1,-1,0,-1,2,1,-1,2,-1,0,1,2,1,1,0,1,2,2,0,0,0,0,0,0,0,0,1,0,0,0,1,1,1,1,0,0,0,1,1,1,20,20,0,20,15,20,5,2,2,0,1,2,2,2,-1,1,-1,2,2,2,5,0,1,0,0,2
29,00488,100,717,1,10/1/24 17:34,104,26,0,1,1,0,0,0,0,0,1,1,0,0,0,0,0,0,1,0,0,-1,0,1,2,0,-1,0,-1,1,1,0,-1,-1,0,0,1,2,0,-1,2,2,2,0,1,0,0,1,0,0,0,1,1,0,0,1,0,1,1,1,0,1,1,0,0,40,10,10,0,20,20,0,2,2,2,0,1,2,2,-1,2,-1,2,2,2,5,0,1,0,0,2
30,00013,100,288,1,10/1/24 17:34,12,12,0,1,0,0,0,0,0,0,0,1,0,0,0,0,0,0,1,1,0,-1,2,2,0,-1,0,2,0,-1,2,2,0,0,2,-1,2,2,2,2,2,2,2,0,0,0,0,1,0,0,0,1,0,0,0,0,1,0,1,0,0,1,0,0,0,20,15,10,40,10,5,0,2,2,2,0,2,2,2,-1,2,-1,2,2,2,-99,-99,-99,-99,-99,1
31,01866,100,435,1,10/1/24 17:34,52,12,0,1,0,0,0,0,0,0,1,0,0,0,0,0,1,0,1,0,0,1,0,1,1,0,-1,0,-1,1,0,-1,1,0,-1,1,2,2,0,-1,2,1,1,0,0,0,0,0,0,0,0,1,0,0,0,0,0,1,1,0,0,0,0,1,0,0,30,0,0,40,30,0,1,1,-1,0,0,1,1,0,1,-1,1,0,1,3,0,1,0,0,5
32,00016,100,461,1,10/1/24 17:34,26,104,0,0,1,0,0,0,0,0,0,1,0,0,1,0,0,0,1,1,0,2,-1,-1,2,2,2,-1,0,-1,0,0,-1,-1,2,0,1,1,-1,1,1,0,-1,0,0,0,0,1,0,0,0,1,0,0,0,0,0,0,0,0,0,0,1,0,0,70,0,0,0,5,0,0,1,1,1,1,1,1,2,0,1,-1,1,1,1,4,1,0,0,0,1
33,03495,100,235,1,10/1/24 17:34,52,104,0,0,1,0,0,0,0,0,0,0,0,0,1,0,0,1,1,0,0,1,-1,0,2,1,1,1,1,1,1,1,-1,-1,1,-1,1,1,-1,1,1,1,1,1,0,0,0,0,1,0,0,1,0,0,0,1,1,1,1,1,0,1,1,0,0,50,0,5,0,5,40,0,2,2,-1,1,2,2,2,1,2,-1,2,2,2,5,1,0,0,0,7
34,01864,100,707,1,10/1/24 17:34,52,26,0,0,1,0,0,1,1,0,0,1,0,0,0,0,0,1,1,0,0,-1,1,1,1,-1,0,1,0,0,1,0,0,-1,1,-1,2,2,0,1,1,1,1,1,1,1,0,1,0,0,0,1,0,0,1,1,0,0,0,1,0,0,1,0,1,0,30,0,30,20,20,0,2,2,0,1,1,2,2,0,1,-1,2,2,2,4,0,0,0,1,5
35,03522,100,336,1,10/8/24 20:20,0,104,0,1,0,0,0,0,0,0,0,1,0,0,0,0,1,0,1,0,0,0,1,2,1,-1,1,0,-1,2,0,1,1,-1,0,-1,1,1,-1,0,2,1,1,-99,-99,-99,-99,-99,-99,-99,-99,-99,-99,-99,-99,1,1,1,1,1,0,0,0,0,0,2,13,0,5,30,50,0,2,2,-1,1,0,0,1,0,0,0,1,1,2,2,1,0,0,0,7
37,00477,100,670,1,10/23/24 19:04,104,26,0,0,0,0,0,0,1,0,1,0,0,0,0,0,0,0,1,0,0,-1,0,1,2,-1,2,1,0,2,-1,-1,2,-1,0,2,1,2,-1,-1,1,2,2,0,1,1,1,1,0,0,0,1,1,0,0,1,1,1,1,1,0,1,1,1,0,50,5,10,15,10,10,0,2,2,-1,1,0,1,2,-1,0,-1,2,2,2,5,1,0,0,0,2
38,01916,100,1122,1,10/23/24 19:04,104,0,0,0,0,1,0,0,0,1,0,0,0,0,0,0,0,-99,-99,-99,-99,1,1,1,2,-1,1,1,-1,1,1,1,-1,-1,2,-1,1,2,0,1,1,0,0,0,0,0,0,0,0,0,0,0,0,0,1,0,0,0,0,0,0,0,0,0,1,0,0,0,0,0,0,0,2,2,0,1,1,1,1,-1,1,-1,1,1,1,3,1,0,0,0,5
39,03519,100,193,1,10/23/24 19:04,6,0,0,1,0,0,0,0,0,1,0,0,0,0,0,0,0,-99,-99,-99,-99,-1,0,1,1,0,-1,1,-1,1,1,0,0,-1,2,-1,2,2,2,2,2,2,2,0,0,0,0,1,0,0,0,1,0,0,0,1,1,0,1,1,0,0,0,1,0,5,5,0,10,10,70,0,2,2,1,-1,2,2,2,-1,2,-1,2,2,2,3,1,0,0,0,7
40,03511,100,327,1,10/23/24 19:04,-99,-99,-99,-99,-99,-99,-99,-99,-99,-99,-99,-99,-99,-99,-99,-99,-99,-99,-99,-99,-99,-1,1,2,1,-1,-1,1,-1,2,-1,-1,1,-1,-1,-1,2,2,1,-1,2,1,1,0,1,0,0,0,0,0,0,1,0,1,0,1,1,1,1,1,0,0,1,1,0,0,30,0,30,30,10,0,2,2,0,-1,1,2,2,1,0,-1,2,1,2,5,0,1,0,0,7
41,01924,100,297,1,10/23/24 19:04,52,0,0,1,0,0,0,0,0,1,0,0,0,0,0,0,0,-99,-99,-99,-99,-1,0,0,1,0,-1,1,-1,0,2,0,0,-1,-1,-1,2,2,0,0,1,0,1,0,0,0,0,0,0,0,0,1,0,0,0,1,0,1,0,0,0,0,1,0,0,0,10,0,50,20,20,0,2,2,1,0,1,1,1,-1,1,-1,1,1,1,5,1,0,0,0,5
42,03513,100,602,1,10/23/24 19:04,0,26,1,0,0,0,0,0,0,0,0,0,0,0,0,1,1,1,0,0,0,-1,1,1,1,-1,-1,2,0,1,2,-99,0,-1,1,-1,2,2,1,1,2,2,1,1,0,0,0,0,0,0,0,1,0,1,1,1,0,0,1,0,0,1,1,1,1,0,5,5,70,10,10,0,2,2,-1,-1,2,2,0,-99,1,-1,2,2,2,5,1,0,0,0,7
43,01911,100,340,1,10/23/24 19:04,26,0,0,1,1,0,0,0,0,1,0,0,0,0,0,0,0,-99,-99,-99,-99,-1,0,1,1,-1,-1,2,-1,2,0,-1,2,-1,0,-1,2,2,2,0,2,1,2,0,0,0,0,0,0,1,0,1,0,0,0,0,0,0,1,1,0,1,0,1,0,20,30,5,5,30,10,0,2,2,-1,-1,2,2,1,-1,1,-1,1,2,2,4,0,1,0,0,5
44,00073,100,338,1,10/23/24 20:41,104,104,0,1,1,0,0,0,0,0,1,1,0,0,0,0,0,0,1,1,0,-1,0,1,1,-1,-1,1,0,0,1,-1,1,-1,-1,1,1,-1,-1,-1,0,1,1,0,0,1,0,0,0,0,0,1,0,0,0,0,1,1,1,1,0,1,0,0,0,17.5,67.5,5,0,5,5,0,2,2,0,0,1,2,2,-1,1,-1,2,2,2,2,1,0,0,0,1
45,00496,100,514,1,10/23/24 22:07,104,104,0,1,1,0,0,1,0,0,0,0,0,0,0,0,1,1,0,0,0,-1,0,0,1,-1,-1,0,-1,1,1,1,-1,-1,1,-1,2,2,1,2,2,0,2,1,1,0,0,1,0,0,0,0,0,1,0,0,0,1,1,0,1,1,0,1,0,35,15,20,20,5,5,0,1,2,0,0,1,2,1,-1,2,-1,1,2,2,1,0,1,0,0,2
46,00527,100,386,1,10/24/24 8:57,104,6,0,1,0,0,0,0,0,0,1,0,0,0,0,0,0,0,0,0,1,-1,1,2,1,-1,0,2,-1,2,0,-1,2,1,0,-1,2,2,2,-1,2,2,0,0,1,1,0,0,0,0,0,0,0,1,0,0,1,0,1,1,0,1,0,0,0,10,10,15,0,45,20,0,2,2,1,0,1,1,1,-1,1,-1,2,2,2,3,0,0,1,0,2
47,00062,100,568,1,10/24/24 14:53,6,104,0,1,0,0,0,0,0,0,0,1,1,0,0,0,0,1,1,1,0,-1,0,0,1,0,-1,1,-1,1,1,0,0,0,0,1,2,2,-1,0,1,2,2,1,1,0,0,0,1,0,0,1,1,0,0,0,0,1,1,1,1,1,1,1,0,70,10,10,10,0,0,0,2,2,2,0,0,2,2,-1,2,-1,2,2,2,2,1,0,0,0,1
48,00574j,100,778,1,10/24/24 16:51,104,104,0,0,1,0,0,0,0,0,0,1,0,0,0,0,0,0,1,1,0,-1,1,1,1,-1,-1,1,-1,2,1,0,0,-1,1,-1,2,2,1,0,2,2,2,0,1,0,0,0,0,0,0,1,0,1,0,1,1,0,1,1,1,1,1,1,0,15,15,10,15,15,15,15,2,2,-1,-1,2,2,1,-1,2,-1,2,2,2,5,0,1,0,0,2
49,Openme!,100,631,1,10/24/24 17:38,104,104,0,1,0,0,0,0,0,0,1,0,0,0,0,0,0,0,1,0,1,-1,0,1,1,-1,0,1,-1,2,0,-1,1,-1,0,2,2,2,1,-1,2,1,1,0,1,0,0,0,0,0,0,1,0,1,0,1,1,1,1,1,0,1,0,0,0,5,5,25,40,15,10,0,2,2,0,0,1,2,2,0,1,0,1,1,1,3,1,0,0,0,2
50,00543,100,2776,1,10/24/24 21:11,52,104,0,1,0,0,0,0,0,0,0,0,0,0,1,0,1,1,1,0,0,-1,1,1,2,-1,-1,0,-1,2,2,0,2,-1,0,-1,2,2,1,0,2,1,2,1,1,1,0,1,0,0,0,1,0,0,0,0,0,1,1,1,0,0,0,1,0,70,10,0,2,8,10,0,1,2,-1,0,1,2,1,-1,1,-1,1,1,2,3,0,0,0,1,2
51,00065,100,949,1,10/25/24 8:57,26,1,0,1,0,0,0,0,0,0,0,1,0,0,0,0,0,0,1,1,0,-1,1,1,2,-1,-1,1,-1,-1,1,1,-1,-1,1,2,-1,1,-1,-1,0,0,2,0,0,0,0,0,0,0,0,0,0,1,0,0,0,1,1,0,0,0,0,0,0,7,10,3,10,10,5,0,1,2,1,1,1,2,1,-1,2,-1,1,1,1,2,0,1,0,0,1
52,00517,100,391,1,10/25/24 17:26,104,12,0,1,0,0,0,0,0,0,0,1,0,0,0,0,0,0,1,0,0,0,0,1,1,0,1,0,1,1,1,0,0,-1,1,-1,2,1,-1,0,2,1,1,0,0,0,0,1,0,0,0,1,0,0,0,1,0,0,0,1,0,0,1,0,0,65,0,0,5,20,10,0,2,1,0,0,1,1,1,0,0,0,1,1,2,4,0,1,0,0,2
53,Openme!,100,723,1,10/25/24 18:16,12,0.5,0,0,1,0,0,0,0,1,0,0,0,0,0,0,0,0,0,1,0,0,0,1,0,-1,1,1,-1,0,0,-1,1,-1,0,0,-1,1,-1,-1,1,-1,1,0,1,0,0,1,0,0,0,1,0,0,0,1,0,1,0,0,0,1,1,0,0,0,60,5,0,35,0,0,1,1,0,1,1,1,1,0,1,-1,1,1,1,4,0,1,0,0,2
54,00535,100,513,1,10/26/24 8:15,104,52,0,1,1,0,0,0,0,0,1,1,0,0,0,0,0,1,0,0,0,0,0,1,1,-1,-1,1,-1,-1,1,0,-1,-1,1,-1,2,2,1,1,2,2,1,1,0,0,0,1,0,0,0,1,1,1,0,0,0,1,1,1,0,1,0,0,0,30,5,10,40,10,5,0,2,2,2,-1,2,2,2,0,2,-1,2,2,2,3,0,1,0,0,2
55,00059,100,604,1,10/26/24 13:18,104,104,0,1,1,0,0,0,0,0,1,1,0,0,0,0,0,1,1,1,0,-1,0,2,2,-1,-1,0,-1,2,-1,-1,2,-1,0,-1,1,0,-1,-1,2,0,0,1,0,0,0,0,0,0,0,1,1,1,0,0,0,1,0,1,0,0,0,0,0,55,15,0,10,10,10,0,2,2,-1,0,1,1,2,-1,2,-1,2,2,2,3,0,1,0,0,1
56,00501,100,382,1,10/26/24 17:27,6,0.5,0,1,0,0,0,0,0,0,0,1,0,0,0,0,0,0,1,0,0,1,-1,-1,1,1,1,0,-1,-1,1,0,-1,-1,1,-1,-1,1,-1,0,1,-1,-1,0,1,0,0,0,0,0,0,1,1,0,0,0,0,1,0,1,0,0,0,0,0,40,30,0,0,10,20,0,1,1,0,1,1,1,1,-1,0,0,1,1,1,4,0,1,0,0,2
57,00056,100,503,1,10/27/24 15:45,104,104,1,0,1,0,0,0,0,0,0,1,0,0,0,0,0,0,0,1,0,2,1,0,-1,0,2,-1,2,2,0,-1,2,1,-1,-1,-1,2,-1,-1,-1,1,2,0,1,0,0,1,0,0,0,1,0,0,0,0,1,1,0,0,0,0,1,0,0,60,40,0,0,0,0,0,-1,-1,0,2,-1,2,2,0,2,-1,2,2,2,3,0,1,0,0,1
58,00060,100,216,1,10/29/24 20:23,1,104,1,0,1,0,0,0,0,0,1,1,0,0,0,0,0,1,1,1,0,-1,0,1,-1,-1,-1,0,-1,-1,1,0,0,-1,0,-1,0,1,0,0,1,0,2,1,1,0,0,1,0,1,0,1,1,1,0,0,0,1,1,0,0,0,1,1,0,80,5,0,10,5,0,0,2,2,-1,-1,2,2,2,-1,2,-1,1,1,2,2,1,1,0,0,1
59,00043,100,182,1,10/29/24 20:23,6,104,0,1,0,0,0,0,0,0,1,0,0,0,0,0,0,0,1,1,0,-1,1,2,-1,-1,-1,1,-1,2,0,-1,2,-1,-1,-1,2,-1,1,-1,2,1,0,0,0,0,0,0,0,1,0,1,0,1,0,1,1,0,1,1,0,1,1,0,0,15,40,5,20,20,0,0,2,2,-1,-1,2,2,1,0,1,-1,1,1,2,1,1,0,0,0,1
60,03509,100,336,1,10/29/24 20:23,12,104,0,0,1,0,0,0,0,0,0,1,0,0,0,0,0,0,1,0,0,-1,2,2,1,-1,-1,2,-1,2,1,1,1,-1,1,-1,2,2,2,0,2,2,2,1,1,0,0,0,0,1,0,1,0,0,0,1,0,1,1,1,0,1,0,1,1,1,20,14,30,25,10,0,2,2,-1,0,2,2,2,0,2,-1,2,2,2,4,1,0,0,0,7
61,03510,100,743,1,10/29/24 20:23,6,6,0,0,1,0,0,0,0,0,0,1,0,0,0,0,1,0,1,0,0,-1,1,1,0,-1,-1,1,0,2,1,0,0,-1,0,-1,2,2,1,-1,2,2,1,0,0,1,0,1,0,0,0,1,0,0,1,1,0,0,0,1,0,0,1,1,1,40,13,0,7,15,35,0,2,2,-1,0,2,2,2,-1,2,-1,1,2,2,5,1,0,0,0,7
62,00080,100,754,1,11/2/24 10:20,12,104,0,0,1,0,0,0,0,0,0,1,0,0,0,0,0,0,1,0,0,-1,-1,1,2,-1,-1,-1,1,-1,1,1,-1,-1,1,-1,1,1,-1,1,1,-1,1,1,1,0,0,1,0,0,0,1,0,0,0,1,1,1,0,0,0,0,0,0,0,40,10,0,20,10,20,0,2,1,-1,1,1,1,1,-1,1,-1,1,1,1,5,0,1,0,0,1
63,01947,100,546,1,11/3/24 9:25,26,26,0,0,1,0,0,0,0,0,0,1,0,0,0,0,0,0,1,1,0,-1,2,2,1,-1,-1,2,-1,1,0,0,0,-1,2,-1,2,2,0,0,2,1,0,1,1,1,0,1,0,1,0,1,0,0,0,-99,-99,-99,-99,-99,-99,-99,-99,-99,-99,0,20,0,15,35,30,0,2,2,-1,-1,2,2,2,-1,2,0,2,2,2,4,1,0,0,0,5
64,08045,100,521,1,11/3/24 9:38,52,104,0,1,0,0,0,0,0,0,0,1,0,0,0,0,0,0,0,0,1,-1,0,2,0,-1,-1,1,0,1,1,0,0,-1,-1,0,2,1,1,0,2,2,1,1,1,0,0,0,0,1,0,1,0,1,0,0,1,1,1,1,0,1,1,1,0,15,10,30,10,5,30,0,2,2,0,-1,2,2,1,2,2,0,2,2,2,2,0,1,0,0,14
65,1948,100,551,1,11/3/24 13:59,104,104,0,0,1,0,0,0,0,0,0,1,0,0,0,0,0,0,0,0,1,1,1,1,1,-1,0,0,-1,1,1,1,0,-1,1,0,2,2,-1,0,2,2,2,1,0,0,1,1,0,0,1,1,1,0,1,1,0,0,1,1,0,1,1,0,1,35,15,5,5,25,15,0,1,2,0,-1,1,0,1,1,1,-1,1,0,1,-99,0,0,0,1,5
66,08046,100,743,1,11/3/24 15:10,104,104,0,1,1,0,0,0,0,0,1,1,0,0,0,0,0,0,1,0,0,-1,1,1,1,-1,-99,-1,0,-1,1,1,0,-1,1,0,2,2,1,1,1,0,0,1,1,0,0,0,0,0,0,1,0,0,0,0,0,1,0,1,0,1,0,1,0,80,10,2,0,5,3,0,2,2,2,1,2,2,2,-1,2,-1,1,2,2,2,0,1,0,0,13
67,00996,100,1216,1,11/3/24 16:33,104,104,0,0,1,0,0,1,0,0,1,1,0,0,0,0,0,1,1,0,1,-1,1,2,2,-1,-1,1,-1,0,1,0,-1,-1,1,-1,2,1,0,1,1,0,-1,1,0,0,0,1,0,0,0,1,0,0,0,1,1,1,0,1,0,1,1,1,0,65,15,5,0,5,10,0,2,2,0,1,1,2,2,-1,2,-1,2,2,2,4,0,1,0,0,13
68,02634,100,921,1,11/3/24 17:15,52,104,0,1,0,0,0,0,0,0,1,0,0,0,0,0,0,0,1,0,0,-1,2,2,1,-1,-1,1,1,2,-1,-1,1,-1,-1,0,2,2,1,-1,2,1,0,0,1,0,0,0,0,0,1,1,0,0,0,1,1,1,0,0,1,0,1,1,0,15,10,0,50,10,15,0,2,2,-1,-1,1,1,1,0,1,-1,1,0,1,5,0,1,0,0,13
69,00551,100,1040,1,11/3/24 19:10,26,104,0,1,0,0,0,0,0,0,1,1,0,0,0,0,0,0,1,0,0,-1,0,1,2,0,1,1,-1,1,2,2,1,-1,1,-1,2,2,-1,0,2,2,1,0,1,0,0,1,0,0,0,1,0,0,0,1,1,0,1,1,0,1,0,1,0,20,25,5,10,20,20,0,2,2,-1,-1,2,2,2,0,2,-1,1,1,2,5,1,0,0,0,2
70,01942,100,3568,1,11/3/24 21:47,6,26,0,1,0,0,0,0,0,0,0,0,0,0,1,0,0,0,1,1,0,-1,1,2,1,-1,-1,1,-1,2,0,-1,1,-1,2,-1,2,1,1,1,2,2,0,0,1,0,0,0,0,0,0,1,0,0,1,0,1,0,0,0,0,0,1,1,1,10,5,0,0,50,35,0,2,2,-1,-1,2,0,1,1,0,0,2,2,2,1,0,1,0,0,5
71,08076,100,1230,1,11/4/24 9:38,26,104,0,1,1,0,0,0,1,0,0,1,0,0,0,0,1,0,1,1,0,-1,1,2,1,-1,-1,2,-1,2,0,1,0,-1,1,2,2,2,2,0,2,2,2,0,1,0,0,1,0,0,0,1,0,1,1,1,0,1,1,1,0,1,0,0,1,20,20,10,0,49,1,0,2,2,0,0,2,1,1,0,2,0,1,2,2,4,1,0,0,0,13
72,OPEN ME!,100,718,1,11/4/24 12:45,26,6,0,0,1,0,0,0,0,0,1,0,0,0,0,0,0,0,1,0,0,-1,2,2,1,-1,-1,2,-1,-1,2,1,-1,-1,0,-1,2,2,1,0,1,2,1,0,1,1,0,0,0,0,0,1,1,0,0,0,0,1,1,0,0,0,1,0,0,70,0,0,10,10,10,0,2,2,-1,-1,2,2,2,-1,2,-1,2,2,2,4,1,0,0,0,5
73,03515,100,223,1,11/4/24 14:10,6,26,0,1,0,0,0,0,0,0,0,0,0,0,1,0,0,0,1,0,0,-1,2,2,1,-1,0,1,0,2,0,0,0,-1,0,-1,2,2,2,0,2,1,0,0,1,0,0,1,1,0,0,1,0,0,0,0,1,1,0,1,0,0,1,1,0,30,10,0,5,25,20,10,2,2,-1,0,1,1,1,0,1,-1,2,1,2,4,1,0,0,0,7
74,01930,100,561,1,11/4/24 20:01,26,52,0,1,1,0,0,0,1,0,0,1,0,0,1,0,0,0,1,0,1,-1,0,1,1,-1,0,1,-1,2,1,1,1,-1,0,-1,1,1,1,0,1,1,1,0,1,0,0,1,0,0,0,1,0,0,0,0,1,1,1,0,0,0,1,1,0,40,10,0,20,20,10,0,1,1,-1,-1,1,0,1,-1,1,0,1,1,2,4,0,1,0,0,7
75,03486,100,661,1,11/6/24 14:22,12,104,0,1,0,0,0,0,0,0,0,0,0,0,0,0,1,0,1,1,0,-1,2,2,0,-1,1,2,-1,2,0,0,0,-1,0,2,2,2,1,-1,2,2,2,0,0,0,0,0,0,0,1,1,0,1,0,1,0,0,1,1,0,1,0,1,1,5,5,5,10,35,30,10,2,2,-1,-1,2,1,2,0,2,0,2,2,2,3,0,0,0,1,7
76,05884,100,450,1,11/6/24 15:09,6,104,0,1,0,0,0,0,0,0,1,1,0,1,1,0,0,0,1,1,1,-1,1,1,1,-1,0,0,-1,0,1,2,-1,-1,0,-1,1,2,0,0,1,1,0,0,1,0,0,0,0,0,0,1,0,0,0,0,1,0,1,1,0,1,1,0,0,0,75,5,0,10,10,0,2,2,-1,0,1,1,1,0,1,0,2,2,2,2,1,0,0,0,10
77,03553,100,1051,1,11/6/24 18:23,0,104,0,1,0,0,0,0,0,0,0,1,0,0,0,0,0,0,1,0,0,-1,0,0,1,-1,-1,1,-1,2,1,0,1,-1,1,-1,2,2,-1,-1,2,1,1,0,1,0,0,1,1,1,0,1,0,0,0,0,0,1,1,0,0,0,1,0,0,80,10,0,0,10,0,0,2,2,-1,-1,2,1,1,-1,2,-1,1,2,2,2,0,1,0,0,7
78,03558,100,391,1,11/6/24 19:56,0,104,1,0,0,0,0,0,0,0,1,1,0,0,0,0,1,0,1,0,1,-1,0,1,0,-1,1,1,-1,0,0,0,0,-1,1,-1,1,1,-1,0,2,2,1,0,0,0,0,1,0,0,0,1,1,0,0,0,0,1,0,0,0,1,1,0,0,30,30,5,0,25,10,0,2,2,1,0,0,2,2,-1,2,-1,2,2,2,3,1,0,0,0,7
79,05921,100,797,1,11/6/24 19:59,26,104,0,0,1,0,0,0,1,0,0,0,0,0,1,0,0,0,1,0,0,-1,1,2,1,-1,-1,2,-1,2,0,0,0,-1,1,2,2,2,0,0,2,2,1,0,0,0,0,0,0,0,0,1,0,1,1,1,1,1,1,1,0,1,1,1,0,60,5,5,10,10,10,0,2,2,2,1,1,2,2,0,1,-1,2,2,2,3,1,0,0,0,10
80,03558,100,454,1,11/6/24 20:01,2,26,0,1,0,0,0,0,0,0,0,1,0,0,0,0,0,0,1,0,0,-1,0,0,1,0,0,0,1,0,0,0,1,-1,0,0,1,1,-1,-1,1,1,1,0,1,0,0,0,0,0,0,1,0,0,0,0,0,1,0,0,0,0,1,0,0,70,15,0,5,5,5,0,1,1,0,0,1,0,0,0,0,0,1,1,1,3,0,1,0,0,7
81,05852,100,1061,1,11/6/24 20:09,6,26,0,1,0,0,0,0,0,0,1,0,0,0,0,0,1,0,1,0,0,-1,0,1,1,-1,-1,0,1,2,0,-1,2,0,-1,1,1,1,0,2,1,1,1,0,1,0,0,0,0,1,1,1,0,1,0,0,1,1,0,1,0,0,1,1,0,0.5,0.3,0,0,0.1,0.1,0,2,2,-1,0,1,1,2,1,0,0,1,1,1,4,1,0,0,0,8
82,05929,100,277,1,11/6/24 20:59,0,52,0,1,0,0,0,0,0,0,0,1,0,0,0,0,0,0,1,0,0,-1,1,1,1,-1,1,1,2,2,-1,-1,2,-1,-1,2,1,1,-1,-1,2,-1,-1,0,0,0,0,1,0,0,0,1,0,0,0,0,0,1,1,0,0,0,0,0,0,0,20,0,15,60,5,0,2,2,2,-1,1,1,1,0,2,0,-99,2,2,2,1,0,0,0,8
83,05465,100,1129,1,11/7/24 17:34,0.5,104,0,1,0,0,0,0,0,0,0,1,0,0,0,0,0,0,1,1,1,-1,0,1,1,-1,0,1,-1,1,1,1,-1,-1,0,-1,2,1,0,1,1,0,0,0,1,0,0,0,0,1,0,1,1,0,0,1,1,1,1,1,0,1,0,1,0,70,10,5,5,5,0,5,2,2,-1,-1,2,2,2,-1,2,-1,2,2,2,5,0,1,0,0,10
84,05934,100,764,1,11/7/24 19:12,2,104,0,1,0,0,0,0,0,0,0,1,0,0,0,0,0,0,1,1,0,-1,0,1,0,-1,-1,2,-1,1,1,0,1,-1,2,-1,1,2,1,0,1,0,-1,0,0,0,0,0,0,0,0,1,0,0,0,0,1,1,1,0,0,1,1,1,0,70,15,10,0,0,5,0,1,1,-1,0,1,2,2,-1,1,-1,1,2,2,3,0,1,0,0,8
85,02630,100,230,1,11/7/24 20:09,26,12,0,1,0,0,0,0,0,0,0,1,0,0,0,0,0,0,1,0,0,-1,-1,-1,2,1,-1,0,-1,-1,1,-1,-1,-1,-1,-1,1,1,-1,-1,-1,1,1,0,1,0,1,1,0,1,0,1,1,0,0,1,1,0,1,1,0,1,1,1,0,30,0,5,5,30,30,0,0,0,0,1,1,1,0,-1,0,-1,1,1,1,5,0,1,0,0,13
86,01570,100,252,1,11/7/24 20:09,12,104,0,1,1,0,0,0,0,0,1,1,0,0,0,0,0,0,1,1,0,-1,1,2,1,-1,-1,0,2,1,1,-1,1,-1,-1,2,1,1,2,-1,0,1,1,0,1,1,0,0,0,0,0,1,0,0,1,0,0,1,0,0,0,0,0,0,1,60,0,0,10,25,5,0,1,1,1,1,1,1,1,-1,1,-1,1,1,1,4,0,0,0,1,13
87,08074,100,1187,1,11/7/24 20:09,26,104,0,1,0,0,0,0,0,0,1,0,0,0,0,0,0,0,1,0,0,-1,-1,2,1,-1,-1,2,-1,-1,1,1,1,-1,1,-1,2,2,2,2,1,1,1,0,1,0,0,1,0,0,0,1,0,0,0,0,0,1,1,1,0,1,1,1,0,60,10,10,5,5,10,0,2,2,0,0,2,2,1,-1,2,-1,2,2,2,5,0,1,0,0,13
88,05926,100,209,1,11/7/24 20:09,1,104,0,0,1,0,0,0,0,0,0,0,0,0,1,0,0,0,1,0,0,1,0,1,1,-1,-1,1,0,-1,1,1,-1,-1,1,-1,1,1,1,1,1,1,1,1,1,0,0,1,0,0,1,1,0,0,0,1,1,1,1,0,0,0,1,0,0,20,10,0,0,10,20,40,1,1,-1,1,0,1,1,-1,1,-1,1,1,1,5,1,0,0,0,8
89,05933,100,259,1,11/7/24 20:09,26,104,0,0,1,0,0,0,0,0,0,0,0,0,1,0,0,0,1,0,0,-1,0,2,1,-1,-1,2,0,2,1,0,2,-1,1,2,2,2,2,1,2,0,1,0,0,0,0,1,0,0,0,1,0,1,0,0,1,0,1,1,0,1,0,0,0,5,5,10,50,10,20,0,2,2,-1,-1,2,2,1,1,2,-1,2,2,2,2,1,0,0,0,8
90,05898,100,320,1,11/7/24 20:09,1,104,0,0,1,0,0,0,0,0,0,1,0,0,1,0,0,0,1,1,0,-1,0,1,1,-1,1,1,-1,0,2,1,-1,-1,2,-1,2,2,1,2,2,1,1,1,0,0,1,0,0,0,1,1,0,1,0,1,0,1,1,1,1,1,0,1,0,5,25,25,5,15,25,0,2,2,1,1,1,2,2,-1,0,0,2,2,2,3,0,1,0,0,10
91,05867,100,191,1,11/7/24 20:09,6,104,0,1,0,0,0,0,0,0,0,1,0,0,1,0,0,0,1,1,0,1,-1,0,1,-1,0,0,-1,1,1,1,1,-1,1,-1,1,1,0,1,1,0,1,0,1,0,0,1,0,1,0,1,1,0,0,0,0,0,1,1,0,1,0,0,0,10,0,20,30,20,20,0,1,1,-1,1,0,0,2,-1,0,0,2,0,-1,1,1,0,0,0,10
92,05871,100,512,1,11/7/24 20:09,0,104,0,0,0,0,0,1,0,0,0,1,0,0,0,0,0,0,1,0,0,-1,0,2,2,-1,0,1,2,0,2,1,-1,-1,2,-1,2,2,-1,1,2,1,0,1,1,0,1,0,0,0,0,1,0,0,0,0,1,1,1,1,0,1,1,0,0,30,10,15,10,30,5,0,2,2,1,2,2,2,2,-1,2,-1,2,2,2,5,1,1,0,0,10
93,05897,100,287,1,11/7/24 20:09,26,104,0,1,1,0,0,0,0,0,1,1,0,0,1,0,0,0,1,0,0,-1,0,1,0,-1,-1,2,-1,0,1,-1,-1,-1,0,-1,1,-1,1,0,1,2,0,0,1,1,0,1,0,1,0,1,0,0,0,0,0,1,1,1,0,0,0,0,0,5,0,50,0,10,20,15,2,1,1,0,1,1,1,-1,2,-1,1,2,2,5,1,0,0,0,8
94,03552,100,242,1,11/7/24 20:09,2,104,0,0,1,0,0,0,0,0,0,1,0,0,0,0,0,0,1,0,0,-1,0,1,-1,-1,-1,1,0,1,1,0,0,-1,1,0,1,1,0,1,1,1,1,0,0,0,0,0,0,0,0,1,0,1,0,0,1,0,0,0,0,1,0,0,0,0,0,30,60,0,10,0,1,1,-1,-1,1,0,1,-1,1,-1,1,1,1,4,0,1,0,0,7
95,00034,100,624,1,11/7/24 20:09,0,26,1,0,0,0,0,0,0,0,0,1,0,0,0,0,0,0,1,0,0,-1,1,2,1,-1,-1,2,-1,1,1,0,0,-1,1,-1,2,2,1,0,2,2,1,0,1,0,0,0,0,0,0,1,0,0,0,1,1,0,1,1,0,0,1,0,0,30,20,0,20,20,10,0,2,0,0,-1,2,2,1,-1,1,-1,2,2,2,5,1,0,0,0,1
96,00052,100,843,1,11/7/24 20:09,0,104,1,0,0,0,0,0,0,0,1,1,0,0,0,0,1,0,1,1,0,0,0,1,1,-1,0,0,1,0,1,0,0,-1,-1,2,-1,0,-1,2,1,1,2,0,1,0,0,1,0,0,0,1,1,1,0,0,0,1,1,1,0,0,0,0,0,0,33.333,0,33.333,33.333,0,0.001,0,1,0,1,0,1,1,0,0,0,0,1,1,5,1,0,0,0,1
97,00502,100,168,1,11/7/24 20:09,52,12,0,1,1,0,0,0,0,0,1,0,0,0,0,0,0,0,0,0,1,0,0,1,1,-1,-1,-1,-1,1,1,1,0,-1,-1,-1,1,1,-1,0,0,1,1,0,0,1,0,1,0,0,0,1,1,0,0,0,0,1,0,1,0,0,0,0,0,70,5,0,10,10,5,0,1,1,0,1,1,1,1,-1,1,-1,1,1,1,5,0,1,0,0,2
98,00079,100,401,1,11/7/24 20:09,6,104,0,0,1,0,0,0,0,0,0,0,0,0,0,0,1,0,1,1,0,-1,0,0,2,0,0,1,-1,2,1,-1,-1,1,-1,2,2,2,0,-1,-1,2,2,0,1,1,0,1,0,0,0,1,1,0,0,1,1,1,1,1,0,1,1,0,1,20,20,10,20,10,20,0,2,2,0,-1,0,1,1,1,1,0,1,1,2,4,1,0,0,0,1
99,00045,100,347,1,11/7/24 20:09,6,12,0,1,0,0,0,0,1,0,1,0,0,0,0,0,0,0,1,0,0,-1,1,1,1,-1,-1,1,0,1,0,-1,1,-1,0,-1,1,1,-1,-1,1,1,1,0,1,0,0,0,0,0,1,1,1,0,0,0,0,1,0,0,0,0,1,0,1,75,10,0,0,10,5,0,1,1,1,1,0,1,1,-1,1,-1,1,1,1,5,0,1,0,0,1
100,000565,100,212,1,11/7/24 20:10,104,104,0,1,1,0,0,0,0,0,1,1,0,0,0,0,0,0,1,0,0,-1,0,1,1,-1,0,1,0,1,2,1,-1,-1,1,-1,1,2,0,1,2,2,2,0,0,0,0,0,0,1,0,1,0,0,0,1,1,1,1,1,1,1,1,1,0,35,10,5,20,20,10,0,2,2,0,0,1,2,2,-1,2,-1,2,2,2,5,1,0,0,0,2
101,00503,100,920,1,11/7/24 20:10,52,6,0,1,1,0,0,0,1,0,0,1,0,0,0,0,0,0,0,0,1,-1,0,1,0,-1,0,1,1,-1,1,0,0,-1,0,1,2,2,1,0,0,1,2,0,1,0,0,0,0,1,0,1,1,0,0,1,0,1,1,0,0,1,0,0,0,45,3,2,2,35,13,0,2,2,0,0,1,1,1,-1,1,0,1,2,2,5,1,0,0,0,2
102,00039,100,397,1,11/7/24 20:10,6,104,1,0,0,0,0,0,0,0,1,0,1,0,0,0,0,1,1,1,0,-1,1,1,-1,-1,-1,2,-1,2,-1,-1,2,-1,-1,2,2,0,2,-1,2,2,2,0,0,0,1,0,0,0,0,1,0,1,0,1,0,0,1,1,0,1,1,1,0,0,10,40,40,40,10,0,-99,-99,-99,-99,-99,-99,-99,-99,-99,-99,-99,-99,-99,5,0,1,0,0,1
103,05864,100,847,1,11/8/24 8:56,0,104,1,0,0,0,0,0,0,0,1,1,0,0,0,0,0,0,1,0,0,-1,1,1,1,-1,1,0,0,1,1,0,0,-1,0,1,1,1,-1,-1,1,1,1,0,0,0,0,1,0,1,0,1,1,0,0,1,1,1,1,1,1,1,1,0,0,50,10,5,5,20,10,0,1,1,-1,-1,1,1,2,-1,0,0,1,1,1,4,1,0,0,0,10
104,05888,100,429,1,11/8/24 14:06,1,104,0,1,0,0,0,0,0,0,0,1,0,0,0,0,1,0,1,0,0,-1,0,2,0,-1,-1,2,-1,2,0,-1,1,-1,1,0,2,1,1,-1,2,1,2,0,1,0,0,0,0,0,0,1,0,1,0,0,0,0,1,1,0,1,1,1,0,5,5,5,10,15,55,5,2,2,-1,-1,1,1,2,-1,1,0,2,2,2,3,1,0,0,0,10
105,05882,100,2457,1,11/8/24 16:16,0,104,0,1,0,0,0,0,0,0,0,1,0,0,0,0,0,1,1,0,0,-1,1,1,0,-1,-1,2,-1,2,-1,0,1,-1,1,-1,2,2,1,1,2,1,2,1,0,0,0,0,0,0,0,1,0,1,1,1,0,1,1,1,0,1,0,0,1,20,5,10,10,25,30,0,2,2,-1,-1,1,1,1,-1,1,0,2,1,2,5,1,0,0,0,8
106,07346,100,630,1,11/8/24 17:00,6,26,0,1,0,0,0,0,0,0,0,1,0,0,0,0,0,0,1,0,1,-1,-1,0,1,0,-1,1,-1,2,-1,-1,1,-1,0,0,1,-1,0,-1,1,0,0,-99,-99,-99,-99,-99,-99,-99,-99,-99,-99,-99,-99,-99,-99,-99,-99,-99,-99,-99,-99,-99,-99,90,0,0,2,7,1,0,2,2,1,1,1,2,2,-1,2,-1,1,2,2,1,1,0,0,0,10
107,02632,100,518,1,11/9/24 15:27,0,26,0,1,0,0,0,0,0,0,0,1,0,0,0,0,0,0,0,0,1,-1,1,1,0,-1,-1,1,-1,2,1,0,1,-1,-1,0,2,2,1,-1,2,1,1,0,1,0,0,0,0,0,0,1,0,1,1,0,0,0,0,1,0,1,0,1,0,15,2,3,5,25,50,0,1,2,-1,0,1,1,1,1,1,-1,1,1,2,3,1,0,0,0,13
108,00061,100,367,1,11/9/24 18:22,26,104,1,0,0,0,0,0,0,0,1,1,0,0,0,0,0,1,1,1,0,0,1,1,2,-1,-1,1,0,-1,1,0,1,-1,1,0,2,0,-1,0,0,1,1,1,1,1,0,1,1,0,0,1,0,0,0,1,1,1,1,1,0,0,1,0,0,50,10,0,0,30,10,0,1,0,1,0,0,1,1,-1,1,-1,1,1,1,5,1,0,0,0,1
109,00570,100,245,1,11/9/24 18:26,12,104,0,0,1,0,0,0,0,0,1,0,0,0,0,0,0,0,1,0,0,-1,0,1,2,-1,-1,0,-1,1,1,0,-1,-1,1,-1,2,2,-1,1,0,1,2,1,1,0,0,1,0,0,0,1,1,1,0,0,1,1,1,1,0,1,1,1,1,50,10,10,10,10,10,0,2,2,0,1,1,1,2,-1,1,-1,2,0,1,4,1,0,0,0,2
110,00547,100,328,1,11/9/24 18:32,52,104,0,1,1,0,0,0,0,0,1,1,0,0,1,0,0,0,1,0,0,-1,1,1,2,-1,-1,1,0,2,1,1,1,-1,1,-1,2,2,1,1,2,2,2,0,1,0,0,1,0,0,0,1,0,0,1,1,1,1,1,1,1,1,1,1,0,30,20,5,20,15,10,0,2,2,-1,-1,1,2,2,-1,2,-1,2,2,2,4,1,0,0,0,2
111,00550,100,516,1,11/9/24 18:41,26,104,0,0,1,0,0,0,0,0,0,1,0,0,0,0,0,0,1,0,0,0,0,1,1,-1,-1,0,-1,2,-1,-1,1,-1,0,-1,2,2,0,-1,2,1,1,0,1,0,1,1,0,0,0,1,1,0,0,1,0,1,1,1,0,1,0,1,1,50,30,5,10,5,0,0,1,1,0,0,1,1,1,0,0,-1,1,1,2,3,0,0,0,1,2
112,00085,100,506,1,11/9/24 18:50,104,52,0,0,1,0,0,0,1,0,0,1,0,0,0,0,0,0,0,1,0,2,-1,-1,2,2,2,-1,2,2,2,1,-1,-1,0,-1,2,2,-1,0,2,2,2,0,1,1,0,1,0,0,1,1,1,1,0,1,1,1,1,1,0,1,1,0,1,30,20,5,10,20,10,5,2,2,0,1,0,1,2,-1,2,-1,2,2,2,2,1,0,0,0,1
113,00525,100,303,1,11/9/24 18:55,104,0,0,0,1,0,0,0,1,1,0,0,0,0,0,0,0,1,0,0,0,-1,2,2,0,-1,-1,2,1,1,2,2,0,-1,1,-1,2,2,1,0,2,2,2,0,0,0,0,0,0,0,0,1,0,0,0,0,0,1,1,1,0,1,1,0,0,67,3,10,0,10,10,0,2,2,-1,-1,2,2,1,2,2,2,2,2,2,5,1,0,0,0,2
114,01007,100,177,1,11/9/24 18:59,52,26,0,1,0,0,0,0,0,0,1,0,0,0,0,0,0,0,1,0,0,-1,0,1,1,-1,-1,0,-1,-1,1,1,-1,-1,1,-1,1,1,0,1,1,1,1,0,1,0,0,0,0,0,0,1,0,0,0,1,1,1,0,0,0,0,0,0,0,80,20,0,0,10,1,0,1,1,1,1,1,1,1,0,1,-1,1,1,1,-99,-99,-99,-99,-99,-99
115,07338,100,338,1,11/9/24 19:04,6,6,0,0,1,0,0,0,0,0,0,0,0,0,0,0,1,0,0,0,1,2,-1,0,2,1,2,-1,1,0,1,2,0,-1,1,0,-1,2,-1,0,-1,-1,2,0,0,1,0,1,0,0,0,1,1,0,0,1,1,0,1,0,0,0,1,0,0,0,0,0,0,0,0,0,0,0,0,1,0,1,0,0,-1,0,1,1,0,5,1,0,0,0,11
116,05912,100,524,1,11/10/24 7:19,6,52,0,0,1,0,0,0,0,0,0,0,0,0,1,0,0,0,1,0,0,-1,0,2,1,-1,1,1,-1,1,1,-1,1,-1,-1,-1,2,2,1,-1,2,2,2,0,0,0,0,0,0,1,0,0,0,1,0,1,1,1,1,1,0,1,0,0,0,30,10,10,10,30,10,0,2,2,-1,-1,2,2,1,-1,2,-1,1,2,2,3,1,0,0,0,10
117,05880,100,734,1,11/10/24 9:47,0,104,0,1,0,0,0,0,0,0,0,1,0,0,0,0,0,0,1,0,0,-1,1,2,0,-1,-1,0,-1,0,0,1,0,-1,0,-1,0,1,0,0,2,1,1,0,0,0,0,0,0,0,0,1,0,0,0,0,0,1,0,1,0,1,0,0,0,20,15,5,15,30,15,0,-1,-1,-99,0,0,2,2,0,0,-1,2,2,2,4,1,0,0,0,10
118,03574,100,857,1,11/10/24 10:43,6,104,0,1,1,0,0,0,0,0,1,1,0,1,1,0,1,1,1,0,0,-1,1,2,1,-1,-1,2,0,1,1,2,-1,-1,2,0,2,2,2,2,2,2,1,1,1,0,0,0,0,0,0,1,0,1,0,1,1,0,1,1,1,0,1,1,1,15,10,0,0,40,35,0,2,2,-1,0,2,2,2,-1,2,-1,2,2,2,5,0,1,0,0,7
119,05909,100,810,1,11/10/24 12:16,0,104,1,0,0,0,0,0,0,0,1,1,0,0,1,0,0,0,1,1,1,-1,0,1,1,-1,-1,0,-1,1,0,0,1,-1,1,-1,1,1,0,1,1,0,1,0,1,0,0,0,0,0,0,1,1,0,0,0,0,1,0,1,0,0,1,0,0,75,5,0,0,10,10,0,1,1,-1,0,0,1,1,1,1,0,1,1,1,3,1,0,0,0,10
120,07352,100,870,1,11/10/24 15:28,2,104,0,0,1,0,0,0,0,0,0,1,0,0,0,0,0,0,1,1,0,-1,1,1,1,-1,-1,1,1,1,1,1,0,-1,1,0,2,2,0,1,2,2,2,0,0,0,0,1,0,0,0,1,0,1,0,1,1,0,1,1,0,1,1,1,0,10,10,15,10,20,35,0,2,2,0,0,1,2,2,0,1,-1,1,2,2,5,1,0,0,0,11
121,05859,100,724,1,11/10/24 21:02,6,52,0,0,1,0,0,0,0,0,0,1,0,0,0,0,0,0,1,0,0,-1,1,1,1,-1,-1,1,0,1,1,1,0,-1,0,-1,1,2,0,0,2,2,1,0,0,0,0,1,0,0,1,1,0,0,0,0,0,1,1,1,0,1,0,0,0,35,20,10,10,15,10,0,2,2,0,1,1,1,1,0,1,-1,1,1,2,3,1,0,0,0,8
122,01931,100,467,1,11/10/24 21:29,26,104,0,1,1,0,0,0,0,0,1,1,0,0,0,0,1,0,0,0,1,-1,0,1,1,-1,-1,1,-1,2,1,0,0,-1,1,-1,1,2,1,-1,1,1,1,0,1,0,0,1,0,0,0,1,0,1,0,1,1,1,1,1,0,1,1,1,1,30,25,5,0,20,20,0,1,1,-1,-1,1,1,1,-1,-1,-1,1,1,1,3,0,1,0,0,5
123,09671,100,1184,1,11/11/24 21:54,6,104,0,1,0,0,0,0,0,0,1,0,0,0,0,0,0,1,1,1,0,-1,1,2,1,-1,-1,1,0,-1,1,0,1,-1,0,0,1,0,0,-1,1,0,0,1,0,1,1,0,0,0,0,1,0,0,0,0,0,1,0,0,0,0,0,0,0,40,50,0,5,0,5,0,2,1,1,-1,1,1,1,-1,-1,-1,2,2,2,4,0,1,0,0,15
124,03582!,100,473,1,11/11/24 22:16,2,104,0,1,0,0,0,0,0,0,1,0,0,0,0,0,0,0,1,0,0,0,0,1,1,0,2,1,-1,1,2,1,-1,0,-1,2,2,2,-1,-1,2,2,2,0,1,1,0,0,0,0,0,1,0,1,0,0,1,1,1,1,0,1,0,1,0,20,5,10,10,20,35,0,2,2,-1,-1,1,1,2,-1,0,0,1,1,2,3,1,0,0,0,7
125,05887,100,665,1,11/13/24 12:18,0,26,0,1,0,0,0,0,0,0,0,0,0,0,1,0,0,0,1,0,0,-1,0,0,0,0,-1,2,-1,1,1,0,0,-1,1,-1,1,1,1,0,1,1,0,0,1,0,0,1,0,0,0,1,0,0,0,0,0,1,0,1,0,1,0,1,0,30,20,15,5,10,20,0,2,2,0,-1,1,2,1,0,0,0,1,2,2,2,1,0,0,0,10
126,03543,100,395,1,11/13/24 13:54,12,104,0,1,0,0,0,0,0,0,0,1,0,0,0,0,0,1,1,0,0,-1,1,2,0,-1,-1,2,-1,1,0,1,-1,-1,1,1,2,2,2,1,-1,2,0,1,1,1,0,1,0,1,0,1,1,1,0,1,1,1,1,1,0,1,1,1,0,50,10,10,0,0,30,0,2,2,-1,-1,1,2,1,-1,1,-1,2,2,2,4,1,0,0,0,7
127,09672,100,1615,1,11/14/24 15:04,2,104,0,1,0,0,0,0,0,0,0,0,0,0,1,0,0,0,1,0,0,0,1,1,1,-1,0,1,-1,1,2,1,1,0,0,0,2,1,0,0,1,2,2,1,0,0,1,0,0,0,0,1,0,0,1,1,0,1,1,1,0,1,0,0,1,40,25,15,5,10,5,0,2,2,2,1,2,2,1,-1,1,-1,2,2,1,5,1,0,0,0,14
128,05868,100,463,1,11/14/24 21:37,0,104,0,1,0,0,0,0,0,0,0,1,1,0,1,0,0,0,1,0,0,-1,0,1,1,-1,-1,1,-1,2,1,2,2,-1,0,-1,2,2,0,0,2,2,2,0,1,0,0,1,1,0,0,1,0,0,0,1,1,1,1,1,0,0,1,0,0,20,30,15,5,10,10,10,2,2,-1,0,1,1,1,0,0,-1,1,2,2,2,1,0,0,0,10
129,04899,100,1012,1,11/15/24 13:32,6,104,0,0,1,0,0,0,1,0,0,1,0,0,0,0,1,0,1,0,0,-1,1,1,1,-1,-1,1,-1,2,1,-1,1,-1,-1,-1,1,2,0,-1,1,0,0,0,1,0,0,1,0,0,0,1,0,0,0,0,1,0,0,1,1,0,0,0,0,20,20,5,10,35,10,0,2,2,-1,-1,1,2,1,-1,1,-1,1,1,2,5,1,0,0,0,9
130,03555,100,624,1,11/15/24 17:21,0,104,0,1,1,0,0,0,0,0,1,1,0,0,1,0,0,0,1,0,0,-1,-1,0,1,-1,1,-1,-1,1,-1,-1,1,-1,-1,-1,1,2,-1,0,2,2,1,0,1,0,1,0,0,0,0,1,1,0,0,0,1,1,1,0,0,1,0,1,0,30,15,5,35,10,5,0,1,1,-1,0,1,1,1,0,-1,1,1,0,1,1,1,0,0,0,7
131,64877,100,470,1,11/15/24 18:01,6,104,0,0,0,0,0,0,1,0,0,1,0,0,0,0,0,0,0,1,0,2,2,2,2,-1,2,2,-1,2,0,-1,2,0,0,-1,2,2,2,-1,1,1,2,0,1,0,0,0,0,0,0,1,0,0,0,0,1,0,1,1,0,1,0,0,0,35,20,5,2,30,40,0,2,2,0,0,2,2,2,-1,0,-1,2,2,2,5,0,1,0,0,9
132,07367,100,372,1,11/16/24 11:09,1,104,0,0,1,0,0,0,0,0,0,1,0,0,0,0,0,0,1,0,0,0,0,1,-1,0,1,1,-1,-1,1,0,-1,-1,1,-1,1,1,-1,1,1,-1,-1,0,1,0,0,0,0,0,0,1,1,0,0,0,0,0,0,0,0,1,0,1,0,0,0,2,80,10,8,0,2,2,-1,0,1,2,1,-1,1,-1,2,1,2,3,1,0,0,0,11
133,04904,100,324,1,11/16/24 15:50,6,52,0,0,0,0,0,0,1,0,0,1,0,0,0,0,0,0,1,0,0,-1,0,1,0,-1,-1,1,-1,1,-1,0,1,-1,0,0,0,1,0,0,1,0,1,0,1,0,0,1,0,0,0,1,0,0,0,0,0,1,1,0,0,1,0,0,0,70,10,10,0,5,5,0,0,1,-1,-1,1,1,1,-1,-1,1,1,1,1,5,0,1,0,0,8
134,05853,100,879,1,11/17/24 21:16,2,104,0,0,1,0,0,0,0,0,0,1,0,0,0,0,0,0,1,0,1,0,-1,-1,2,0,-1,0,-1,2,-1,-1,2,-1,-1,1,2,1,0,-1,1,1,1,0,0,0,0,0,0,0,0,1,1,0,0,1,1,1,0,1,0,1,1,0,0,35,25,5,5,25,5,0,0,0,-1,1,0,0,1,0,-1,1,1,0,0,5,0,1,0,0,8
135,01872,100,678,1,11/20/24 16:32,26,6,0,1,1,0,0,0,0,0,0,1,0,0,0,0,0,0,1,0,0,-1,-1,1,0,-1,-1,0,-1,0,1,1,0,-1,0,-1,1,2,0,0,1,1,2,0,1,0,0,0,0,1,0,1,0,1,0,0,1,0,1,1,0,1,0,1,0,10,5,5,5,25,50,0,2,2,0,0,1,1,2,-1,1,-1,2,2,2,5,0,1,0,0,5
136,01894,100,581,1,11/20/24 19:41,104,104,0,1,0,0,0,0,0,0,0,1,0,0,0,0,0,0,1,0,0,-1,0,2,0,-1,-1,2,-1,0,0,-1,2,-1,-1,-1,2,2,2,-1,2,0,-1,0,0,0,0,0,0,0,0,1,0,0,0,1,1,1,1,1,0,1,0,0,0,35,35,10,10,5,5,0,2,2,-1,-1,2,2,2,-1,2,-1,2,2,2,5,0,1,0,0,7
137,01877,100,286,1,11/20/24 21:55,104,52,0,0,1,0,0,0,0,0,0,1,0,0,0,0,0,0,1,0,0,-1,0,1,1,-1,0,-1,-1,1,0,0,1,-1,0,-1,1,0,-1,0,1,0,0,0,0,0,0,1,0,0,0,1,0,0,0,-99,-99,-99,-99,-99,-99,-99,-99,-99,-99,0,20,0,0,20,20,40,1,1,-1,1,1,1,1,0,0,-1,1,1,1,3,0,1,0,0,5
138,09672,94,1652,0,11/21/24 14:34,2,104,0,1,0,0,0,0,0,0,0,0,0,0,1,0,0,0,1,0,0,0,1,1,1,-1,0,1,-1,1,2,1,1,0,1,0,2,1,1,0,1,2,2,1,1,0,1,0,0,0,0,1,0,1,0,1,0,1,1,1,0,0,0,0,1,40,25,15,5,10,5,0,2,2,2,2,2,2,2,-1,2,-1,2,2,2,5,1,0,0,0,15
139,10488,100,617,1,11/21/24 16:48,26,12,0,0,1,0,0,0,0,0,0,0,0,0,0,0,1,0,1,1,0,-1,-1,1,1,-1,-1,1,0,2,1,-1,2,-1,-1,2,2,2,2,-1,-1,0,2,0,1,0,1,1,0,1,0,1,0,0,0,0,1,0,1,1,0,0,0,0,0,35,30,-99,25,10,0,0,2,2,2,2,2,2,2,-1,2,-1,2,2,2,4,0,0,0,1,13
140,10425,100,1061,1,11/21/24 18:00,104,104,0,0,1,0,0,0,0,0,0,0,0,0,1,0,0,1,1,0,0,-1,1,2,1,-1,-1,2,0,1,1,1,-1,-1,2,-1,2,2,0,2,2,2,1,1,0,1,0,1,0,0,0,0,1,0,0,1,1,1,1,0,0,1,1,0,0,70,10,5,10,5,0,0,2,2,2,0,2,2,2,-1,2,-1,2,2,2,1,1,0,0,0,13
141,10490,100,685,1,11/22/24 14:01,104,104,0,0,0,0,0,0,1,0,1,0,0,0,0,0,0,0,1,0,0,-1,0,0,-1,0,-1,2,0,0,2,1,0,-1,0,-1,2,2,0,0,0,1,2,0,0,0,0,0,0,0,0,1,0,0,0,0,1,1,1,0,0,0,1,1,0,0,26,0,24,24,0,26,2,2,0,0,2,2,2,0,2,-1,2,2,2,5,0,1,0,0,13
142,10447,100,548,1,11/22/24 17:15,104,104,0,1,1,0,0,0,0,0,1,1,0,1,1,0,0,1,1,1,0,-1,2,2,0,-1,-1,2,-1,-1,1,1,-1,-1,2,-1,2,1,1,1,2,1,2,1,0,0,0,0,0,0,0,0,0,1,0,0,0,1,1,1,0,1,1,0,0,60,5,10,0,10,15,0,2,2,-1,-1,2,1,1,1,1,0,1,2,2,4,1,0,0,0,16
143,10485,100,446,1,11/22/24 19:12,52,104,0,0,1,0,0,0,0,0,0,1,0,0,0,0,0,0,1,1,1,0,1,1,1,-1,-1,0,0,0,1,0,0,-1,-1,2,2,2,0,-1,0,0,1,0,0,0,0,1,0,0,0,1,0,1,0,-99,-99,-99,-99,-99,-99,-99,-99,-99,-99,65,15,0,15,5,0,0,2,2,0,0,1,1,1,-1,1,-1,1,1,1,3,0,1,0,0,15
144,07311,100,1382,1,11/22/24 20:26,0.5,104,0,1,1,0,0,0,0,0,1,1,0,1,0,1,1,1,1,0,0,-1,1,2,2,-1,0,1,-1,1,1,1,1,-1,2,-1,2,2,0,2,2,1,1,1,1,0,0,0,0,0,0,1,0,0,0,0,0,0,1,1,0,0,0,1,0,70,15,0,5,5,5,0,2,2,0,1,1,2,2,0,2,-1,1,2,2,2,1,1,0,0,11
145,10481,100,1645,1,11/22/24 23:12,104,104,0,1,1,0,0,0,0,0,0,1,0,0,1,0,0,0,1,1,0,-1,0,1,-1,-1,-1,2,0,0,1,0,1,-1,1,0,1,-1,0,0,2,1,0,0,1,1,0,0,0,0,0,1,0,1,0,0,0,1,1,1,0,1,0,1,0,40,20,5,15,10,10,0,2,2,0,0,1,1,1,0,1,0,1,1,2,2,1,0,0,0,16
146,10479,100,578,1,11/23/24 17:59,52,104,0,1,0,0,0,0,0,1,0,0,0,0,0,0,0,0,1,0,0,-1,2,2,1,-1,-1,2,-1,1,2,2,-1,-1,2,-1,2,2,-1,1,-1,-1,0,0,0,0,0,1,0,0,0,0,0,0,0,0,0,1,0,0,0,0,0,0,0,20,70,0,0,0,10,0,2,2,2,1,2,2,1,-1,1,-1,1,2,2,2,1,0,0,0,13
147,04827,100,587,1,11/23/24 19:17,0,104,1,0,0,0,0,0,0,0,0,0,0,1,1,0,1,0,1,0,0,-1,1,1,1,-1,-1,2,-1,2,0,-1,1,-1,1,-1,2,1,0,2,2,1,0,0,0,0,0,0,0,0,0,1,0,0,0,1,1,1,1,1,0,1,0,0,0,30,15,5,20,20,10,0,-1,2,-1,-1,0,1,1,-1,1,-1,1,2,2,4,1,0,0,0,8
148,10418,100,975,1,11/24/24 18:07,1,104,1,0,0,0,0,0,0,1,0,0,0,0,0,0,0,0,1,0,0,-1,0,1,1,-1,-1,0,-1,1,0,0,1,-1,1,2,1,-1,0,-1,1,2,1,0,1,0,0,1,0,0,0,1,0,1,0,1,1,1,1,0,0,1,0,0,0,15,25,5,30,15,10,0,1,1,-1,1,1,2,2,1,-1,-1,2,1,1,5,1,0,0,0,16
149,04866,100,564,1,11/24/24 18:57,6,104,0,1,0,0,0,0,0,0,0,1,0,0,0,0,1,0,1,1,1,-1,0,2,0,-1,-1,1,0,2,-1,-1,2,-1,0,1,2,2,1,-1,1,1,1,0,0,0,0,0,0,0,0,1,0,0,1,0,1,1,0,1,0,1,1,1,0,20,10,15,20,20,15,0,2,2,-1,-1,2,2,2,1,0,-1,2,2,2,3,1,0,0,0,8
150,00043,100,419,1,11/26/24 10:01,26,104,0,0,1,0,0,0,0,0,0,0,0,0,1,0,0,0,1,1,1,-1,2,2,0,-1,-1,2,0,1,1,1,1,-1,2,-1,2,2,0,1,2,2,2,0,0,0,0,1,0,0,0,1,0,0,0,0,1,1,1,0,0,1,0,0,0,0,50,10,20,10,10,0,2,2,-1,-1,2,2,2,-1,0,0,2,2,2,2,1,0,0,0,1
151,01902,100,3209,1,11/26/24 20:17,12,52,0,1,1,0,0,0,0,0,1,0,0,0,0,0,0,0,1,0,0,-1,0,2,1,-1,-1,1,-1,2,1,0,1,-1,0,-1,2,2,1,0,1,1,2,0,0,1,0,0,0,0,0,1,1,0,0,0,0,0,1,1,0,0,0,0,0,30,40,0,0,10,20,0,2,2,0,1,2,1,2,-1,1,0,1,1,2,3,0,1,0,0,5
152,00511,100,677,1,11/27/24 19:34,1,6,0,0,1,0,0,0,0,0,0,1,0,0,0,0,0,0,1,1,0,-1,1,1,1,0,0,1,-1,0,1,1,-1,-1,1,-1,2,1,1,1,2,0,-1,0,0,1,0,1,0,0,0,1,1,0,0,0,0,1,0,0,1,0,0,0,1,50,10,5,-99,30,5,0,2,1,1,1,1,2,1,-1,0,-1,1,1,1,3,1,0,0,0,2
153,01891-1,100,318,1,11/30/24 15:14,104,52,0,0,1,0,0,0,0,0,1,0,0,0,0,0,0,0,0,0,1,-1,1,1,1,-1,-1,1,-1,1,1,1,-1,-1,1,-1,2,2,2,2,1,1,1,0,1,0,0,1,0,1,0,1,0,0,0,-99,-99,-99,-99,-99,-99,-99,-99,-99,-99,5,15,0,5,50,25,0,2,2,0,1,1,2,2,-1,1,-1,2,2,2,4,1,0,0,0,5
154,04838,100,397,1,12/1/24 15:12,0,104,1,0,0,0,0,0,0,0,1,1,0,0,0,0,0,0,1,1,1,0,-1,1,1,-1,1,1,-1,2,1,-1,1,-1,0,-1,1,1,0,1,2,0,-1,0,1,0,0,0,0,0,0,1,1,0,0,0,0,1,0,1,0,0,0,1,0,60,15,0,5,10,10,0,2,2,0,-1,1,2,2,0,1,0,2,2,2,1,0,1,0,0,8
155,01960,100,637,1,12/3/24 18:58,52,104,0,1,0,0,0,1,0,0,0,0,0,0,1,0,0,1,1,0,0,1,-1,-1,2,0,0,1,1,1,1,0,1,-1,0,-1,1,1,-1,0,1,1,0,1,0,0,0,0,0,0,0,1,0,0,0,0,0,0,0,0,0,0,0,1,0,10,30,0,20,10,30,0,0,1,0,1,0,1,1,0,0,0,1,1,1,2,1,0,0,0,5
156,00572,100,959,1,12/8/24 9:26,104,104,0,0,1,0,0,0,1,0,0,0,0,0,1,0,0,0,1,0,0,-1,0,1,0,-1,-1,1,0,0,1,0,0,-1,1,0,2,1,0,0,1,0,1,-99,-99,-99,-99,-99,-99,-99,-99,-99,-99,-99,-99,0,1,1,1,1,0,1,1,1,0,0,0,0,0,0,0,0,2,2,-1,-1,2,2,2,0,2,0,2,2,2,2,0,1,0,0,2
157,04823,100,392,1,12/11/24 17:30,1,104,0,0,1,0,0,0,0,0,1,1,0,0,0,0,0,1,1,0,0,-1,1,2,1,-1,-1,1,-1,1,1,2,1,-1,1,-1,1,1,0,1,1,0,-1,1,0,0,0,1,0,1,0,1,0,0,0,0,0,1,0,0,0,0,1,1,0,30,30,0,10,5,25,0,2,2,-1,0,2,2,2,-1,2,-1,2,2,2,3,1,0,0,0,8
158,09689,100,241,1,12/11/24 19:29,2,26,0,0,1,0,0,0,0,0,0,1,0,0,0,0,0,0,1,1,0,2,0,1,2,0,0,0,2,0,1,0,-1,-1,0,2,-99,-99,-99,-99,-99,-99,-99,-99,-99,-99,-99,-99,-99,-99,-99,-99,-99,-99,-99,-99,-99,-99,-99,-99,-99,-99,-99,-99,-99,30,30,10,10,10,10,0,2,1,1,1,1,1,1,-1,0,-1,2,1,1,5,0,1,0,0,15
159,00998,100,194,1,12/11/24 19:29,104,12,0,1,1,0,0,0,1,0,0,1,0,0,0,0,0,0,1,0,0,0,1,1,1,-1,0,1,1,0,1,-1,0,-1,0,-1,0,1,-1,-1,1,0,0,0,0,0,1,1,0,0,0,1,1,0,0,0,0,1,0,0,0,0,0,0,1,60,5,5,10,10,10,0,1,1,1,0,0,1,1,-1,0,-1,1,0,1,5,0,1,0,0,13
160,00997,100,259,1,12/11/24 19:29,104,52,0,1,1,0,0,0,1,0,1,1,0,0,0,0,0,0,1,1,0,0,-1,-1,2,0,1,0,1,2,1,0,1,-1,0,1,1,1,-1,0,0,1,1,0,1,1,1,1,0,0,0,1,1,0,0,1,1,1,1,1,0,0,1,1,0,20,30,0,0,10,40,0,2,2,-1,-1,2,1,1,-1,1,-1,2,2,2,5,1,0,0,0,14
161,02637,100,533,1,12/11/24 19:29,26,52,0,0,0,0,0,0,1,0,0,0,0,1,0,0,1,0,1,1,0,-1,0,0,2,-1,0,0,-1,0,1,1,-1,0,-1,-1,-99,-99,-99,-99,-99,-99,-99,-99,-99,-99,-99,-99,-99,-99,-99,-99,-99,-99,-99,-99,-99,-99,-99,-99,-99,-99,-99,-99,-99,20,0,0,30,0,30,20,2,2,0,0,2,2,2,-1,2,-1,2,2,2,5,1,0,0,0,13
162,08081,100,533,1,12/11/24 19:29,6,52,0,0,0,0,0,0,1,0,0,1,0,0,0,0,0,0,1,0,0,0,2,2,0,-1,-1,-1,1,1,0,1,0,-1,0,0,2,2,2,0,2,2,2,0,0,0,0,1,0,0,1,1,0,1,1,1,1,1,1,1,0,1,1,0,0,0,50,10,10,25,5,0,2,2,-1,0,2,2,2,0,2,0,2,2,2,5,1,0,0,0,13
163,08056,100,230,1,12/11/24 19:29,12,52,0,1,1,0,0,0,0,0,0,1,0,0,0,0,0,0,1,0,0,-1,2,2,1,-1,-1,2,0,2,2,2,-1,-1,2,0,2,2,0,1,2,2,2,0,1,0,0,1,0,1,0,1,0,0,1,0,1,1,1,1,0,1,1,1,0,40,25,5,5,10,15,0,2,2,-1,1,2,2,2,-1,2,-1,2,2,2,5,0,1,0,0,13
164,08082,100,238,1,12/11/24 19:29,6,104,0,0,1,0,0,0,0,0,1,0,0,0,0,0,0,0,1,0,0,-1,2,2,2,-1,-1,1,1,1,1,-1,1,-1,-1,0,2,2,1,-1,2,0,0,0,0,0,0,0,0,0,0,1,1,0,0,0,1,1,0,1,0,0,1,0,0,10,10,0,60,0,20,0,2,2,0,1,2,2,2,0,0,0,2,2,2,5,1,0,0,0,13
165,04908,100,989,1,12/11/24 19:29,0,104,0,0,1,0,0,0,0,0,0,0,0,0,0,0,1,0,1,0,0,-1,2,2,-1,-1,-1,2,-1,2,-1,-1,2,0,-1,2,2,2,2,-1,2,0,0,0,0,0,0,0,0,0,0,1,0,1,0,0,0,1,0,0,0,0,0,0,1,0,0,0,0,10,75,15,2,2,-1,-1,2,0,0,0,0,0,2,2,2,4,1,0,0,0,9
166,07358,100,943,1,12/11/24 19:29,1,52,0,0,0,0,0,0,1,0,0,1,0,0,0,0,0,0,0,1,0,0,0,0,2,2,0,0,2,0,1,0,-1,-1,0,-1,2,2,-1,1,2,2,1,0,0,1,0,1,0,0,0,1,0,1,0,1,1,1,1,1,0,1,0,0,0,20,10,25,10,25,10,0,1,2,0,0,2,1,1,-1,1,-1,1,1,2,5,1,0,0,0,11
167,04910,100,184,1,12/11/24 19:29,2,104,0,0,1,0,0,0,0,0,0,1,0,0,0,0,0,0,1,1,0,0,0,1,1,-1,-1,2,-1,0,1,1,-1,-1,2,-1,1,2,-1,-1,1,2,0,0,1,0,0,0,0,0,0,1,0,0,0,1,0,1,0,0,0,1,1,0,0,70,0,5,0,15,10,0,2,2,-1,-1,1,2,2,-1,0,-1,2,2,2,5,1,0,0,0,8
168,09684,100,188,1,12/11/24 19:29,0,104,1,0,0,0,0,0,0,0,1,1,0,0,0,0,0,0,1,1,0,-1,0,1,1,-1,1,0,-1,0,1,1,-1,-1,1,0,2,2,-1,1,2,2,2,0,1,1,0,0,0,0,0,1,0,0,0,1,1,1,1,0,1,1,1,1,0,50,10,5,10,20,5,0,2,2,1,1,1,2,2,-1,1,-1,1,2,2,5,0,1,0,0,15
169,04848,100,485,1,12/11/24 19:29,6,26,0,0,1,0,0,0,0,0,0,1,0,0,0,0,0,0,1,0,0,-1,0,1,1,-1,-1,1,-1,2,-1,1,1,-1,0,1,2,2,1,-1,2,2,2,0,0,0,0,1,0,0,1,1,0,1,0,1,0,1,1,1,0,0,0,1,1,0,5,0,20,35,40,0,2,2,-1,0,1,2,2,-1,2,-1,1,1,1,5,1,0,0,0,9
170,07335,100,318,1,12/11/24 19:29,1,6,0,1,0,0,0,0,1,0,0,1,0,0,0,0,1,0,1,1,1,-1,0,1,1,-1,-1,1,-1,0,0,-1,1,-1,-1,1,1,0,-1,2,1,2,2,1,0,0,0,0,0,0,0,0,0,0,1,0,0,1,0,1,0,0,1,1,0,60,0,5,0,30,5,0,0,1,-1,1,0,2,2,-1,0,-1,2,1,2,5,0,1,0,0,11
171,10512,100,296,1,12/11/24 19:29,0,0,0,1,0,0,0,0,0,0,1,0,0,0,0,0,0,0,1,0,0,-1,2,2,1,-1,0,1,0,0,1,1,-1,-1,1,-1,2,1,-1,2,1,2,2,1,1,0,0,1,0,0,0,1,0,1,1,1,0,1,1,1,0,0,0,0,0,50,20,2,30,30,20,0,-99,-99,-99,-99,-99,-99,-99,-99,-99,-99,-99,-99,-99,-99,-99,-99,-99,-99,-99
172,01900,100,203,1,12/11/24 19:29,6,12,0,0,0,0,0,0,1,0,0,1,0,0,0,0,0,0,1,0,0,-1,2,2,2,-1,-1,2,-1,2,0,2,1,-1,2,0,2,1,2,0,1,0,0,1,1,0,0,0,0,0,0,1,1,1,0,1,1,1,1,1,0,0,1,0,0,15,15,0,0,25,30,15,2,2,2,0,1,2,1,0,1,0,1,1,2,5,0,1,0,0,5
173,01949,100,263,1,12/11/24 19:29,2,104,0,1,0,0,0,0,0,0,0,1,0,0,0,0,0,0,1,0,0,1,0,0,1,-1,1,0,-1,2,1,0,-1,-1,0,-1,1,1,-1,1,0,0,1,0,1,1,0,1,0,0,0,1,1,0,0,0,0,0,1,0,0,0,0,1,0,0,50,0,35,60,25,0,2,2,-1,1,1,2,2,-1,1,-1,2,1,1,5,1,0,0,0,4
174,GHP Unknown,100,235,1,12/11/24 19:29,26,104,0,0,1,0,0,0,0,0,0,0,0,1,1,0,0,0,1,0,0,-1,0,0,-1,0,-1,1,1,2,0,0,0,-1,0,0,1,1,-1,-1,2,2,2,0,0,0,0,1,0,0,0,1,0,1,0,1,1,1,1,1,1,1,1,0,0,0,10,10,25,25,5,25,2,2,-1,-1,2,2,2,0,1,-1,2,2,2,5,1,0,0,0,5
175,GHP Unknown ,100,169,1,12/11/24 19:29,6,6,0,0,1,0,0,0,0,0,0,1,0,0,0,0,0,0,1,0,0,-1,1,1,0,-1,-1,1,-1,1,1,1,-1,-1,0,-1,2,2,1,1,2,0,-1,0,0,0,0,0,0,0,0,0,0,1,0,0,0,1,0,0,0,0,0,0,0,0,25,0,50,10,15,0,1,1,0,-1,1,2,1,1,1,-1,1,0,1,4,0,1,0,0,5
176,GHP Unknown ,100,361,1,12/11/24 19:29,0,104,0,0,1,0,0,0,0,0,0,0,0,0,1,0,1,0,1,0,0,-1,0,0,1,0,-1,1,-1,-1,1,1,0,-1,1,-1,1,1,0,1,1,1,1,1,0,0,0,0,0,0,0,1,0,1,1,0,1,1,1,1,0,1,0,0,0,20,10,20,20,25,5,0,2,2,-1,-1,2,2,2,-1,2,-1,2,2,2,5,1,0,0,0,13
177,03557,100,194,1,12/11/24 19:29,2,6,0,1,0,0,0,0,0,0,1,1,0,0,0,0,0,0,1,0,0,-1,1,2,0,-1,0,0,-1,2,1,1,2,-1,0,-1,2,0,0,0,0,1,1,-99,-99,-99,-99,-99,-99,-99,-99,-99,-99,-99,-99,0,0,1,1,0,0,0,1,0,1,15,20,0,30,5,0,30,2,2,0,0,2,2,2,0,2,0,2,2,2,3,1,0,0,0,7
178,00077,100,299,1,12/11/24 19:29,104,104,0,0,1,0,0,0,0,0,0,0,0,1,0,0,0,0,1,1,0,-1,0,1,2,-1,1,1,0,0,1,2,-1,-1,2,-1,1,2,-1,-1,1,1,1,0,0,0,0,0,0,0,0,0,0,0,1,0,1,1,0,0,0,0,0,0,1,50,35,0,5,10,0,0,1,2,0,0,2,2,0,2,0,-1,0,2,2,3,1,0,0,0,1
179,03578,100,260,1,12/11/24 19:29,12,104,0,1,0,0,0,0,0,0,0,0,1,0,0,0,0,0,1,1,0,-1,1,2,2,-1,-1,2,2,1,-1,0,1,-1,0,1,2,2,1,0,1,2,2,0,0,0,0,0,0,0,1,1,0,1,0,1,1,1,1,1,1,1,1,0,0,20,20,10,30,10,5,5,2,2,-1,0,0,0,1,1,-1,-1,1,1,2,3,0,1,0,0,7
180,07378,100,189,1,12/11/24 19:29,0,104,1,0,0,0,0,0,0,0,0,1,0,0,0,0,0,0,0,1,0,0,0,1,1,-1,0,0,0,0,1,0,-1,0,0,-1,1,1,0,1,1,1,1,0,0,0,0,0,0,0,1,1,0,1,0,1,1,1,1,1,1,1,1,0,0,0,50,10,20,10,10,0,1,1,1,1,1,1,1,-1,1,-1,1,1,1,5,0,1,0,0,11
181,09627,100,321,1,12/11/24 19:29,2,104,0,0,1,0,0,0,0,0,0,0,0,0,1,0,0,0,1,0,0,-1,2,2,1,-1,-1,0,-1,2,1,2,0,-1,-1,0,2,2,1,-1,0,2,2,0,1,1,0,0,0,1,0,1,1,1,0,0,1,1,1,1,1,1,0,0,0,60,10,5,10,15,10,0,1,1,1,-1,1,1,0,-1,0,-1,1,1,1,4,0,1,0,0,15
182,03533,100,278,1,12/11/24 19:29,1,104,0,1,0,0,0,0,0,0,0,1,0,0,0,0,1,0,1,0,0,1,-1,-1,0,1,1,0,-1,1,-1,-1,2,0,-1,0,0,0,-1,0,-1,1,1,0,0,0,0,1,0,0,0,1,0,0,0,0,0,1,0,0,0,0,1,0,0,30,30,0,10,30,0,0,0,0,-1,0,0,0,0,1,0,0,0,0,1,5,1,0,0,0,7
183,05885,100,178,1,12/11/24 19:30,2,104,0,0,1,0,0,0,0,0,0,1,0,0,1,1,0,1,1,1,0,-1,0,0,2,0,-1,1,0,0,1,0,0,-1,1,-1,1,1,-1,1,1,1,1,1,0,0,0,1,0,0,0,0,0,0,0,0,1,0,1,1,0,1,1,0,0,0,50,10,0,30,10,0,2,2,2,2,2,2,2,-1,2,-1,2,2,2,5,1,0,0,0,10
184,03537,100,224,1,12/11/24 19:30,0.5,0.5,0,1,0,0,0,0,0,0,0,1,0,0,0,0,0,0,1,0,0,-1,1,2,-1,-1,-1,2,0,2,-1,-1,2,-1,-1,0,2,2,2,-1,2,2,2,0,0,0,0,0,0,0,1,0,0,1,1,0,1,1,1,0,0,1,0,0,0,50,10,20,10,10,0,0,2,2,-1,-1,2,2,2,-1,2,-1,2,2,2,3,1,0,0,0,7
185,00999,100,188,1,12/11/24 19:30,52,104,1,0,0,0,0,0,0,0,0,1,0,0,0,0,0,0,1,1,0,-99,-99,-99,-99,-99,-99,-99,-99,-99,-99,-99,-99,-99,-99,-99,2,1,1,0,2,2,2,0,1,1,0,0,0,0,0,1,0,1,1,1,1,1,1,1,0,1,1,0,0,10,5,5,0,40,25,15,2,2,0,0,2,2,2,1,1,-1,2,2,2,5,0,1,0,0,13
186,04885,100,473,1,12/13/24 13:04,0,104,1,0,0,0,0,0,0,0,1,1,0,0,0,0,0,0,1,1,0,-1,0,1,1,-1,-1,1,0,1,0,-1,0,-1,0,1,1,2,0,0,2,2,2,0,1,1,0,1,0,0,0,1,0,1,0,0,1,1,1,1,0,1,0,0,1,10,5,50,5,20,10,0,2,2,0,-1,1,2,1,-1,1,-1,1,2,2,4,1,0,0,0,8
187,04909,100,210,1,12/13/24 13:04,1,104,0,1,1,0,0,0,0,0,1,1,0,0,1,0,0,0,1,0,0,-1,1,2,1,-1,-1,2,-1,1,2,0,0,-1,0,-1,2,2,2,0,2,1,1,0,0,0,0,0,1,0,0,1,0,0,0,1,1,1,1,0,0,1,0,0,0,35,25,5,5,25,5,0,2,2,-1,0,1,2,2,0,0,0,1,2,2,3,1,0,0,0,8
188,05870,100,320,1,12/13/24 13:04,1,104,0,0,0,0,0,0,1,0,1,1,0,0,0,1,0,0,1,1,0,-1,1,1,1,-1,1,1,-1,0,0,0,1,-1,0,-1,2,2,0,0,2,2,1,0,1,1,0,0,0,1,0,1,0,0,0,0,1,1,0,1,0,1,0,1,0,20,1,1,50,8,10,0,2,2,2,2,2,2,2,-1,2,-1,2,2,2,3,1,0,0,0,10
189,09701,100,415,1,12/13/24 13:05,0,104,1,0,0,0,0,0,0,-99,-99,-99,-99,-99,-99,-99,-99,0,0,1,0,-1,1,1,-1,-1,-1,1,-1,0,1,0,0,-1,1,-1,1,0,0,0,0,0,2,-99,-99,-99,-99,-99,-99,-99,-99,-99,-99,-99,-99,1,1,1,1,1,0,0,0,0,0,0,0,0,0,0,0,0,2,2,-1,0,0,0,1,-1,1,0,2,2,2,5,1,0,0,0,13
190,04883,100,281,1,12/13/24 13:05,12,104,0,1,1,0,0,0,0,0,0,1,0,0,0,0,1,1,1,1,0,-1,0,1,1,0,-1,2,1,1,1,1,0,0,0,-1,2,2,0,1,2,1,2,1,1,0,0,1,0,0,0,1,0,1,0,1,1,1,1,1,0,1,0,0,0,30,20,5,10,31,4,5,2,2,2,1,2,2,1,-1,0,0,1,1,1,5,1,0,0,0,9
191,04911,100,201,1,12/13/24 13:05,0,0,1,0,0,0,0,0,0,1,0,0,0,0,0,0,0,0,1,0,0,1,1,1,1,0,1,1,0,1,1,1,-1,-1,1,0,1,0,-1,1,1,1,2,0,1,0,0,0,0,0,0,1,0,0,0,1,1,1,1,0,0,0,1,0,0,60,10,0,10,80,25,0,2,2,2,1,2,2,2,-1,2,-1,2,2,2,5,1,0,0,0,9
192,04881,100,310,1,12/13/24 13:05,2,104,0,0,1,0,0,0,0,0,0,1,0,0,0,0,1,0,1,0,0,-1,2,2,0,-1,-1,2,-1,2,-1,-1,2,-1,-1,2,2,2,2,-1,2,2,2,0,0,0,0,0,0,0,0,1,0,1,0,1,1,1,1,0,0,1,1,0,0,5,25,5,0,40,25,0,2,2,-1,-1,2,2,1,0,2,-1,2,2,2,4,1,0,0,0,8
193,04884,100,522,1,12/13/24 13:05,6,104,0,0,1,0,0,0,0,0,0,1,0,0,0,0,1,0,1,1,0,-1,1,1,-1,-1,-1,1,-1,2,0,-1,2,-1,0,1,2,2,2,-1,1,1,1,0,1,0,0,1,0,0,0,1,0,1,0,1,1,1,1,1,0,0,0,1,0,20,20,0,10,30,20,0,2,2,-1,-1,1,1,1,-1,1,0,1,1,1,5,0,1,0,0,8
194,04877,100,986,1,12/13/24 13:05,1,52,0,0,1,0,0,0,0,0,0,1,0,0,0,0,0,0,1,0,0,-1,0,2,1,-1,-1,2,-1,1,2,1,1,-1,1,-1,2,2,2,2,2,1,0,0,0,0,0,1,0,0,0,1,0,0,1,0,1,1,0,1,0,1,0,1,0,15,5,15,5,35,25,0,2,2,-1,-1,1,1,1,-1,1,-1,2,2,2,3,1,0,0,0,9
195,09643,100,472,1,12/13/24 14:21,0,104,1,0,0,0,0,0,0,0,1,1,0,0,0,0,1,0,1,1,0,-1,2,2,0,-1,-1,2,-1,2,0,-1,2,-1,-1,1,2,-1,2,-1,2,1,0,0,1,0,1,0,0,1,0,1,0,1,0,1,1,1,1,1,0,0,0,1,0,75,10,0,0,10,5,0,2,2,-1,-1,2,2,2,1,2,-1,2,2,2,5,0,1,0,0,15
196,01933,100,373,1,12/13/24 14:21,26,104,0,1,0,0,0,0,0,0,0,1,0,0,0,0,0,0,1,0,0,1,0,2,1,-1,2,2,-1,-1,2,1,-1,-1,1,-1,2,2,0,1,2,2,1,0,0,0,0,1,1,0,0,1,0,0,0,1,1,1,1,1,0,1,1,0,0,50,10,5,0,20,15,0,2,2,2,0,2,2,2,-1,2,-1,2,2,2,2,1,0,0,0,5
197,07369,100,180,1,12/13/24 14:21,0,0.5,1,0,0,0,0,0,0,0,0,1,0,0,0,0,0,0,0,0,1,0,0,0,1,0,1,1,0,0,1,1,-1,-1,1,-1,0,1,-1,0,2,2,2,1,1,0,0,1,1,0,0,1,0,1,0,1,1,1,1,0,0,1,1,0,0,50,50,0,25,10,0,0,2,2,2,1,1,2,2,-1,0,-1,2,1,2,-99,-99,-99,-99,-99,-99
198,01938,100,217,1,12/13/24 14:21,104,104,0,1,0,0,0,0,0,0,0,1,0,0,0,0,0,0,1,0,0,0,0,0,2,0,1,0,-1,-1,1,2,0,-1,1,-1,1,2,-1,1,2,1,1,1,1,0,0,1,0,0,0,1,0,1,0,1,1,0,1,0,0,0,1,0,0,0,20,0,0,70,10,0,1,1,0,0,1,1,1,-1,0,-1,1,1,1,5,1,0,0,0,5
199,07345,100,185,1,12/13/24 14:21,6,104,0,0,1,0,0,0,0,0,0,1,0,0,0,0,0,0,1,1,0,0,0,2,2,-1,1,2,-1,0,0,0,0,-1,2,-1,2,2,0,2,2,2,2,0,1,0,0,0,0,1,0,1,0,0,0,0,0,0,1,0,0,1,0,0,0,75,15,2,0,3,5,0,2,2,2,2,2,2,2,2,2,-1,2,2,2,2,0,1,0,0,11
200,05873,100,424,1,12/13/24 14:21,6,26,0,1,0,0,0,0,0,0,0,1,0,0,1,0,0,1,1,1,0,0,-1,0,1,-1,-1,0,0,-1,2,2,-1,-1,2,-1,1,1,-1,1,1,2,2,1,0,0,0,1,0,1,0,1,0,0,1,1,1,1,1,1,0,0,1,0,1,0,20,5,5,60,5,10,1,1,1,1,1,1,1,-1,0,-1,0,0,1,5,1,0,0,0,10
201,05843,100,246,1,12/13/24 14:21,6,104,0,1,1,0,0,0,0,0,1,1,0,0,1,0,0,0,1,1,0,-1,1,2,1,-1,-1,2,-1,2,0,-1,2,-1,1,0,2,2,2,-1,2,1,1,0,1,0,0,1,0,0,0,1,0,1,0,0,1,1,1,1,0,1,0,0,0,20,20,10,10,20,20,0,2,2,-1,-1,2,2,2,-1,1,-1,2,2,2,4,1,0,0,0,8
202,05849,100,146,1,12/13/24 14:21,0,104,1,0,0,0,0,0,0,0,0,1,0,0,1,0,0,0,1,0,0,-1,2,2,1,-1,-1,2,-1,1,1,-1,1,-1,1,-1,2,2,2,1,1,0,1,0,1,0,0,0,0,0,0,1,0,0,0,0,0,0,1,0,0,0,1,0,0,60,20,0,0,10,10,0,2,2,0,-1,2,2,2,1,2,-1,2,2,2,5,0,1,0,0,8
203,03526,100,231,1,12/13/24 14:21,26,104,0,1,0,0,0,0,0,0,1,0,0,0,0,0,0,1,1,1,0,-1,0,0,1,-1,0,-1,0,1,-1,0,0,-1,0,-1,1,1,-1,1,1,1,1,1,0,0,0,0,0,1,0,1,0,0,0,1,0,1,1,0,0,1,0,0,0,45,10,15,5,15,10,0,1,1,0,0,0,1,1,-1,1,-1,1,1,1,3,1,0,0,0,7
204,03561,100,173,1,12/13/24 14:21,0,104,0,1,0,0,0,0,0,0,0,1,0,0,0,0,0,0,1,1,0,-1,1,1,-1,-1,-1,0,-1,2,0,1,0,-1,0,-1,1,1,0,0,1,0,0,0,1,0,0,1,0,0,0,1,0,0,0,0,0,1,1,1,0,1,0,0,0,40,10,20,0,15,15,0,0,1,0,0,0,1,1,-1,-1,0,0,0,0,5,1,0,0,0,7
205,03507,100,471,1,12/13/24 14:21,6,104,0,0,1,0,0,0,0,0,0,0,0,0,0,0,1,1,0,0,0,-1,2,2,1,-1,-1,2,-1,1,0,-1,2,-1,0,-1,2,2,2,0,2,2,1,1,0,0,0,0,0,0,1,1,0,1,0,1,1,1,1,1,1,0,1,1,1,8,20,0,12,20,40,0,2,2,-1,-1,2,2,2,2,2,0,2,1,2,5,1,0,0,0,7
206,05932,100,192,1,12/13/24 14:21,1,104,0,1,0,0,0,0,0,0,0,1,0,0,0,0,0,0,1,0,0,-1,2,2,1,-1,1,1,-1,2,-1,-1,1,-1,1,-1,2,2,2,1,1,2,2,0,1,0,0,0,0,0,0,1,0,1,0,0,0,1,1,1,0,1,0,0,0,30,10,10,1,40,9,0,2,2,-1,-1,2,2,1,-1,2,-1,2,2,2,4,1,0,0,0,8
207,03550,100,229,1,12/13/24 14:21,0,6,0,0,0,0,0,1,0,0,1,0,0,0,0,0,0,0,1,0,0,0,0,0,2,0,-1,0,-1,-1,1,0,0,-1,0,-1,1,1,-1,0,1,1,1,0,1,1,0,0,0,0,0,1,0,0,0,1,1,1,0,0,0,0,1,1,1,60,20,0,0,10,10,0,2,2,-1,1,2,2,2,-1,2,-1,2,2,2,5,0,1,0,0,7
208,01003,100,180,1,12/13/24 14:21,104,52,0,1,0,0,0,0,0,0,0,1,0,0,0,0,0,0,1,0,0,-1,0,2,1,-1,0,1,1,2,1,0,1,-1,1,-1,2,2,1,0,0,2,1,0,0,1,0,1,0,0,0,1,1,0,0,0,0,1,0,1,0,0,0,1,0,25,10,0,15,20,30,0,2,2,-1,1,1,1,2,0,0,-1,1,2,2,5,0,1,0,0,13
209,04907,100,427,1,12/22/24 23:38,0.5,52,0,1,0,0,0,0,0,0,0,1,0,0,0,0,0,0,1,1,0,-1,0,1,0,-1,-1,0,-1,1,1,1,1,-1,-1,-1,1,1,0,-1,2,1,-1,1,1,0,0,0,0,1,0,1,0,0,0,1,0,0,1,1,0,1,0,0,0,0,25,15,10,25,25,0,2,2,-1,-1,0,1,1,-1,1,-1,1,1,1,4,1,0,0,0,8
210,04829,100,440,1,12/23/24 13:32,2,104,0,1,0,0,0,0,0,0,1,1,0,0,0,0,0,0,1,1,1,-1,0,1,1,0,-1,1,-1,1,1,0,1,-1,1,-1,2,1,-1,1,1,0,0,1,0,0,0,1,0,1,0,1,0,0,0,0,1,1,1,0,0,0,0,0,0,60,5,5,0,5,5,20,2,2,2,2,2,2,2,-1,2,-1,2,2,2,4,0,1,0,0,8
211,05889,100,885,1,12/29/24 21:32,0,104,0,0,1,0,0,0,0,0,0,1,0,0,0,0,0,0,1,0,0,-1,0,1,1,-1,-1,1,0,1,1,1,1,-1,1,0,2,2,-1,0,2,1,1,0,0,0,0,0,0,0,1,1,1,1,0,1,1,1,1,1,1,0,1,1,1,50,20,5,5,10,10,0,2,2,-1,0,2,2,2,-1,2,1,1,2,2,4,0,1,0,0,10
212,04849,100,783,1,1/2/25 11:17,6,104,0,0,1,0,0,0,0,0,1,0,0,0,0,0,0,0,1,0,0,-1,2,2,0,-1,-1,2,0,2,-1,-1,1,-1,0,1,2,2,0,-1,2,1,1,0,1,0,0,0,0,0,0,1,0,1,0,1,1,1,1,1,1,1,1,0,0,10,15,10,20,10,25,10,0,2,0,-1,2,2,1,-1,1,-1,1,0,2,5,0,0,0,1,9
213,01874,100,250,1,1/8/25 17:58,104,12,0,1,0,0,0,0,0,0,0,1,0,0,0,0,0,0,1,0,0,-1,-1,1,2,-1,-1,1,0,2,1,1,2,-1,1,-1,2,2,-1,-1,2,2,1,0,0,1,0,1,0,0,0,1,1,1,0,0,1,1,1,1,0,1,0,0,0,10,25,5,20,30,10,0,2,2,-1,1,1,2,1,-1,0,-1,1,2,2,3,0,1,0,0,5
214,03565,100,334,1,1/8/25 17:58,26,26,0,1,0,0,0,0,0,0,1,0,0,0,0,0,0,0,1,1,0,-1,1,1,-1,-1,-1,0,-1,1,-1,-1,1,-1,-1,1,2,2,1,-1,2,2,1,0,1,1,1,0,0,0,0,1,0,1,0,1,0,1,0,1,0,0,0,0,0,0,5,0,25,50,20,0,2,1,0,1,1,2,1,-1,0,-1,1,1,1,5,1,0,0,0,7
215,01879,100,194,1,1/8/25 17:58,0,0,1,0,0,0,0,0,0,0,0,1,0,0,0,0,0,-99,-99,-99,-99,1,-1,-1,1,1,1,0,0,0,-1,-1,1,0,0,0,-1,1,-1,0,1,0,0,0,1,0,0,0,0,0,0,1,0,0,0,1,1,0,0,0,0,0,0,1,0,0,0,0,0,10,10,80,0,0,0,0,0,0,0,0,0,0,0,0,0,5,0,1,0,0,5
216,03505,100,417,1,1/8/25 17:58,104,104,0,0,1,0,0,0,0,0,0,1,0,0,0,0,0,0,1,1,0,-1,2,2,1,-1,-1,2,-1,2,0,0,0,-1,0,0,2,2,2,0,2,2,1,0,1,0,0,0,0,0,0,1,0,1,0,1,0,1,1,1,0,1,1,1,0,0,0,10,10,30,30,10,2,2,0,0,1,1,1,0,0,0,2,2,2,5,0,1,0,0,7
217,05872,100,259,1,1/8/25 17:59,0,104,0,0,0,0,0,0,1,0,0,1,0,0,0,0,0,1,1,0,0,-1,0,0,1,1,1,1,-1,1,1,-1,1,-1,1,-1,1,1,-1,1,1,1,1,1,0,0,0,0,0,0,0,1,0,1,0,0,1,1,1,1,0,1,1,0,0,5,10,5,20,40,20,0,2,2,0,-1,1,1,1,-1,1,1,1,1,1,4,0,1,0,0,10
218,04853,100,186,1,1/8/25 17:59,1,104,0,1,0,0,0,0,0,0,0,1,0,0,0,0,0,0,1,1,0,-1,1,2,0,-1,-1,0,-1,1,0,-1,1,-1,-1,0,2,1,1,0,1,0,0,0,0,0,0,1,0,0,0,1,0,0,0,0,1,1,1,1,0,1,0,0,0,75,5,5,5,5,5,0,1,1,-1,0,1,1,1,0,1,1,1,1,1,2,0,1,0,0,8
219,04876,100,175,1,1/8/25 17:59,2,26,0,1,1,0,0,0,0,0,0,1,0,0,1,0,0,0,1,0,0,-1,1,1,1,-1,0,0,0,0,1,0,0,-1,1,-1,2,2,0,1,1,0,-1,0,0,0,0,0,0,0,0,1,1,0,0,0,0,1,0,1,0,0,0,0,0,5,0,0,0,5,80,0,2,2,-1,-1,2,2,2,-1,-1,-1,2,2,2,5,0,1,0,0,9
220,10427,100,634,1,1/8/25 17:59,-99,104,0,0,1,0,0,0,0,0,0,1,0,0,0,0,0,0,1,0,0,-1,0,2,2,-1,1,2,-1,2,2,-1,-1,-1,1,1,2,2,0,-1,2,2,0,1,0,0,0,1,0,0,0,1,1,0,1,1,1,1,0,1,0,0,0,0,0,10,70,0,10,10,0,0,2,2,-1,0,2,2,2,-1,2,-1,2,2,2,5,1,0,0,0,16
221,05879,100,665,1,1/8/25 17:59,0,104,0,1,0,0,0,0,0,0,0,1,0,0,0,0,0,0,1,0,1,-1,2,2,2,-1,-1,1,0,2,1,0,2,-1,0,2,2,1,1,0,2,2,0,0,1,1,0,0,0,0,0,1,1,1,1,0,1,1,1,1,0,1,1,1,0,5,0,5,0,10,10,70,2,2,-1,1,2,2,2,0,1,0,2,2,2,2,1,0,0,0,10
222,09635,100,294,1,1/8/25 17:59,6,52,0,1,0,0,0,0,0,0,0,1,0,0,0,0,0,0,1,0,0,-1,1,1,1,-1,-1,1,-1,1,1,0,0,-1,0,0,1,0,-1,-1,1,1,1,0,0,0,0,0,0,0,0,1,1,0,0,0,1,1,1,1,0,0,1,1,0,55,10,0,0,10,25,0,1,1,-1,0,1,1,1,-1,0,-1,1,1,1,5,0,1,0,0,15
223,01962,100,278,1,1/8/25 17:59,104,104,0,1,1,0,0,0,0,0,1,1,0,0,1,0,0,1,1,0,0,-1,1,1,1,-1,-1,0,0,1,1,2,-1,-1,2,-1,1,1,0,1,2,2,2,1,0,1,0,0,0,0,1,1,0,1,0,1,0,0,1,1,0,1,1,1,0,5,15,20,10,40,10,0,2,2,-1,-1,0,2,1,-1,0,-1,1,2,2,5,1,0,0,0,5
224,07307,100,237,1,1/8/25 17:59,26,52,0,1,0,0,0,0,0,0,0,1,0,0,1,0,0,0,0,1,0,0,-1,0,2,-1,1,0,-1,0,1,0,-1,-1,0,-1,2,2,-1,1,1,1,1,0,0,0,0,1,0,0,0,1,0,0,0,1,0,1,1,0,0,1,0,0,0,30,0,20,0,20,30,0,-99,-99,-99,-99,-99,-99,-99,-99,-99,-99,-99,-99,-99,5,1,0,0,0,11
225,07299,100,214,1,1/8/25 17:59,104,104,0,1,0,1,0,0,1,0,1,0,1,0,0,1,0,1,1,1,0,0,0,1,1,-1,-1,0,-1,0,1,2,-1,-1,1,-1,1,1,0,1,1,2,0,1,1,1,0,1,0,1,1,1,1,0,0,0,1,0,1,1,0,1,1,0,0,30,10,10,15,15,20,0,2,1,-1,1,1,0,1,-1,2,-1,1,2,2,4,0,1,0,0,11
226,07281,100,344,1,1/8/25 17:59,12,104,0,0,1,0,0,0,0,0,0,1,0,0,0,0,0,0,1,0,0,-1,-1,-1,2,0,0,0,-1,1,2,0,0,-1,-1,1,1,1,-1,-1,2,1,1,0,1,0,0,0,0,0,0,1,1,0,0,1,1,1,1,1,1,1,1,1,0,0,30,20,10,30,10,0,1,1,1,0,1,1,1,-1,0,-1,1,1,2,5,0,1,0,0,11
227,07282,100,257,1,1/8/25 17:59,12,12,0,1,1,0,0,1,1,0,0,1,0,0,0,0,0,1,1,0,0,-1,1,2,2,-1,0,1,-1,0,1,0,-1,-1,0,-1,2,1,1,0,1,1,1,1,0,0,0,1,0,0,0,1,0,0,0,0,0,0,1,1,0,0,1,1,1,40,5,0,5,25,25,0,2,2,-1,-1,1,1,0,0,0,-1,2,2,2,5,0,0,0,1,15
228,10475,100,191,1,1/8/25 17:59,0,26,0,0,0,1,0,0,0,0,0,0,0,0,1,0,0,1,0,0,0,-1,1,2,1,-1,-1,1,0,2,1,0,2,-1,1,-1,2,2,0,-1,2,2,2,0,1,0,0,0,0,0,1,0,0,1,0,0,0,0,1,1,0,1,0,1,0,0,0,30,5,60,5,0,2,2,0,2,2,2,2,-1,1,-1,1,2,2,2,0,1,0,0,16
229,10460,100,134,1,1/8/25 17:59,26,12,0,0,1,0,0,0,0,0,0,1,0,0,0,0,0,0,1,1,0,-1,1,1,0,-1,-1,0,0,2,1,0,0,-1,0,0,2,2,0,-1,2,2,1,0,1,0,0,1,0,0,0,1,0,1,0,1,1,0,1,0,0,0,1,1,0,15,40,0,0,40,5,0,2,2,-1,-1,1,2,2,-1,0,-1,2,2,2,5,0,1,0,0,16
230,04825,100,317,1,1/8/25 17:59,6,26,0,0,1,0,0,0,0,0,1,1,0,0,0,0,0,0,1,1,1,0,2,2,1,-1,0,1,0,1,1,2,0,0,1,-1,2,2,0,1,2,1,1,0,1,1,1,1,0,0,0,1,1,0,0,1,0,1,1,0,0,0,0,1,0,0,40,0,10,30,20,0,2,1,-1,-1,1,2,1,0,1,-1,1,1,1,5,1,0,0,0,8
231,09656,100,128,1,1/8/25 17:59,26,26,0,1,0,0,0,0,0,0,1,0,0,0,0,0,0,0,1,0,0,1,0,1,1,-1,1,-1,-1,-1,1,0,0,-1,-1,0,1,1,-1,-1,0,-1,1,0,1,0,0,0,0,0,0,1,0,0,0,0,0,1,0,0,0,0,0,0,0,70,10,0,5,10,5,0,2,2,1,-1,1,1,1,-1,-1,-1,0,1,1,5,0,1,0,0,15
232,04864,100,342,1,1/8/25 17:59,2,12,1,1,0,0,0,1,1,0,1,0,0,0,1,0,1,1,0,1,0,0,0,0,2,-1,0,0,-1,1,2,1,-1,-1,0,-1,1,1,-1,1,-1,2,1,1,0,0,0,0,0,0,0,1,0,0,0,1,0,1,1,1,0,0,1,0,0,0,0,0,40,40,20,0,0,1,-1,1,0,1,-1,1,-1,0,0,0,-1,5,0,0,0,1,8
233,10476,100,190,1,1/8/25 17:59,104,6,1,0,0,0,0,0,0,1,0,0,0,0,0,0,0,0,0,1,0,2,-1,-1,1,2,1,-1,0,0,1,0,1,1,0,0,-1,0,-1,-1,0,0,0,-99,-99,-99,-99,-99,-99,-99,-99,-99,-99,-99,-99,-99,-99,-99,-99,-99,-99,-99,-99,-99,-99,0,0,5,5,0,10,20,-1,-1,-1,-1,-1,-1,0,0,0,0,1,0,1,2,0,0,0,1,15
234,04822,100,149,1,1/8/25 17:59,0,104,1,0,0,0,0,0,0,0,0,1,0,0,0,0,0,0,1,1,0,-1,0,0,1,1,-1,0,-1,0,0,-1,1,-1,0,-1,1,1,-1,-1,1,1,1,0,1,0,0,1,0,0,0,1,1,1,0,1,1,1,1,1,0,1,1,1,0,0,15,15,10,20,3,27,2,2,-1,-1,1,2,1,-1,1,-1,1,1,1,5,0,1,0,0,9
235,01963,100,158,1,1/8/25 17:59,26,104,0,1,0,0,0,0,0,0,1,1,0,0,1,0,0,0,1,0,0,-1,2,2,1,-1,0,2,-1,0,0,1,0,-1,2,-1,2,2,1,1,2,1,1,0,0,1,0,0,0,0,0,1,0,1,0,1,0,1,1,0,0,1,0,0,0,20,20,10,10,20,10,10,2,2,-1,1,2,2,2,1,2,1,2,2,2,3,1,0,0,0,5
236,07321,100,173,1,1/8/25 17:59,6,104,0,0,1,0,0,0,0,0,0,1,0,0,0,0,0,0,1,0,0,-1,1,1,1,-1,-1,1,0,1,0,-1,1,-1,0,0,2,1,1,0,1,2,0,0,0,0,0,1,0,0,0,1,0,0,0,1,1,0,0,0,0,0,0,0,0,80,5,0,10,0,5,0,2,2,0,0,1,1,1,0,1,0,1,1,1,5,1,0,0,0,11
237,04847,100,180,1,1/8/25 17:59,0.5,104,0,0,1,0,0,0,0,0,0,1,0,0,0,0,0,0,1,0,0,-1,1,2,0,-1,-1,2,0,2,1,1,1,-1,1,0,1,2,2,1,2,0,-1,0,0,0,0,0,1,0,0,1,0,0,0,1,1,1,1,1,0,1,0,0,0,15,20,5,20,50,10,0,2,2,-1,-1,2,1,2,1,2,0,1,2,2,4,0,1,0,0,8
238,03556,100,251,1,1/8/25 17:59,6,104,0,0,1,0,0,0,0,0,0,0,0,0,1,0,0,1,1,0,0,-1,0,1,2,-1,0,0,-1,1,0,-1,1,-1,-1,-1,2,2,-1,0,2,2,0,1,0,0,0,0,0,0,0,1,0,0,1,1,1,1,1,1,0,1,0,1,1,35,10,5,5,25,20,0,2,2,-1,-1,1,2,2,1,1,-1,2,2,2,5,1,0,0,0,7
239,01880,100,157,1,1/8/25 17:59,104,0,0,1,0,0,0,0,0,1,0,0,0,0,0,0,0,-99,-99,-99,-99,-1,0,0,1,-1,-1,1,-1,0,0,1,-1,-1,1,-1,2,2,0,0,2,2,2,0,1,1,0,1,0,0,0,1,0,0,0,0,0,1,0,0,0,0,0,0,0,0,25,0,25,25,25,0,2,2,-1,1,2,2,2,1,-1,-1,2,2,2,3,1,0,0,0,5
240,04902,100,299,1,1/8/25 17:59,2,104,0,1,1,0,0,0,0,0,1,1,0,0,0,0,1,0,1,1,0,-1,0,2,2,-1,-1,2,-1,2,-1,-1,2,-1,0,2,2,2,1,-1,2,1,1,0,0,0,0,0,0,0,0,1,0,1,1,1,1,1,0,0,0,0,0,0,1,30,5,0,40,10,15,0,2,2,-1,-1,1,1,1,0,1,-1,2,2,2,5,0,1,0,0,8
241,10459,100,136,1,1/8/25 17:59,52,104,0,0,1,0,0,0,0,0,0,1,0,0,0,0,0,0,1,0,0,-1,1,1,1,-1,-1,1,-1,-1,1,1,-1,-1,1,-1,2,2,1,1,1,1,1,0,0,0,0,0,0,0,0,1,0,0,0,0,1,1,1,1,0,1,0,0,0,40,10,5,35,9,1,0,2,1,0,0,0,1,1,0,0,-1,1,1,2,3,1,0,0,0,16
242,04871,100,207,1,1/8/25 17:59,0,104,1,0,0,0,0,0,0,0,0,1,0,0,0,0,0,0,1,0,1,1,0,1,1,0,1,1,-1,1,1,1,1,-1,1,-1,1,0,0,1,1,-1,-1,1,1,0,0,1,0,0,0,1,0,1,0,0,1,0,1,1,0,1,1,0,0,30,30,5,0,15,20,0,1,1,0,0,1,1,1,0,0,0,1,1,1,3,1,0,0,0,8
243,01871,100,155,1,1/8/25 17:59,104,52,0,0,1,0,0,0,0,0,0,0,0,0,1,0,0,0,1,0,0,0,0,1,-1,-1,-1,0,-1,2,-1,-1,2,0,-1,2,2,2,1,-1,2,2,2,0,0,0,0,0,0,0,0,1,0,1,0,1,0,1,0,1,0,0,0,1,0,20,10,0,10,60,0,0,2,2,0,0,2,0,2,2,0,0,2,2,2,3,0,1,0,0,5
244,04889,100,355,1,1/8/25 17:59,26,104,0,1,1,0,0,0,1,0,1,1,0,0,0,0,0,0,1,1,0,0,1,1,1,-1,0,1,0,2,0,1,2,0,0,2,2,2,1,-1,2,2,1,0,1,0,0,0,0,0,0,1,0,0,0,1,1,1,1,1,0,1,0,1,0,20,10,5,5,10,40,10,2,2,0,-1,1,1,1,-1,0,0,2,2,2,5,1,0,0,0,8
245,10423,100,182,1,1/8/25 17:59,104,104,0,0,1,0,0,0,0,0,0,1,0,0,0,0,0,0,1,0,0,-1,2,2,0,-1,-1,1,0,0,1,1,-1,-1,2,-1,2,2,0,1,0,2,2,1,0,0,0,0,0,0,0,1,1,1,0,1,1,1,1,0,0,0,0,0,0,30,20,0,0,10,40,0,2,2,2,0,2,2,1,-1,2,-1,2,2,2,5,0,1,0,0,16
246,05896,100,649,1,1/12/25 9:52,0,104,0,0,1,0,0,0,0,0,0,0,0,0,0,0,1,0,1,1,0,-1,2,2,0,-1,-1,1,-1,2,-1,-1,2,-1,-1,2,2,2,1,-1,2,2,2,0,0,0,0,0,0,0,0,1,0,1,1,1,1,1,1,1,1,1,0,0,0,0,10,5,20,40,25,0,2,2,-1,0,2,2,2,0,1,-1,2,2,2,5,1,0,0,0,8